{"mean":{"confidence_interval":{"confidence_level":0.95,"lower_bound":15391406.854500001,"upper_bound":15408320.45},"point_estimate":15399568.44,"standard_error":4359.920153897198},"median":{"confidence_interval":{"confidence_level":0.95,"lower_bound":15389240.5,"upper_bound":15407885.0},"point_estimate":15402061.0,"standard_error":4592.194039093104},"median_abs_dev":{"confidence_interval":{"confidence_level":0.95,"lower_bound":30489.66845870018,"upper_bound":52084.478375315666},"point_estimate":42113.993552327156,"standard_error":5715.163560865504},"slope":null,"std_dev":{"confidence_interval":{"confidence_level":0.95,"lower_bound":36056.00839022479,"upper_bound":50714.42507468996},"point_estimate":43454.03641195272,"standard_error":3716.985623740572}}