{"mean":{"confidence_interval":{"confidence_level":0.95,"lower_bound":71066600.59325,"upper_bound":71639218.59},"point_estimate":71356578.11,"standard_error":148041.38647595118},"median":{"confidence_interval":{"confidence_level":0.95,"lower_bound":70533517.0,"upper_bound":71266052.5},"point_estimate":70861294.5,"standard_error":165185.10485146192},"median_abs_dev":{"confidence_interval":{"confidence_level":0.95,"lower_bound":991052.8480052948,"upper_bound":1928139.7982686758},"point_estimate":1386733.5767805576,"standard_error":238017.17483118424},"slope":null,"std_dev":{"confidence_interval":{"confidence_level":0.95,"lower_bound":1313417.2668390719,"upper_bound":1583003.7695506916},"point_estimate":1468287.994230179,"standard_error":68602.92436894104}}