{"mean":{"confidence_interval":{"confidence_level":0.95,"lower_bound":2740347025.3207498,"upper_bound":2742818770.52},"point_estimate":2741632722.3,"standard_error":632175.2347292184},"median":{"confidence_interval":{"confidence_level":0.95,"lower_bound":2740708233.0,"upper_bound":2743231620.5},"point_estimate":2741727103.0,"standard_error":664715.4014922794},"median_abs_dev":{"confidence_interval":{"confidence_level":0.95,"lower_bound":4083645.1981008053,"upper_bound":6639352.51532793},"point_estimate":5360514.410331845,"standard_error":645447.0590994977},"slope":null,"std_dev":{"confidence_interval":{"confidence_level":0.95,"lower_bound":4578113.611568012,"upper_bound":8154547.366707138},"point_estimate":6331010.395565928,"standard_error":941148.6845294302}}