{"mean":{"confidence_interval":{"confidence_level":0.95,"lower_bound":94960003.43,"upper_bound":95413541.378},"point_estimate":95188898.37,"standard_error":117762.05324698263},"median":{"confidence_interval":{"confidence_level":0.95,"lower_bound":94926439.5,"upper_bound":95338464.0},"point_estimate":95123048.5,"standard_error":102413.7143217886},"median_abs_dev":{"confidence_interval":{"confidence_level":0.95,"lower_bound":857271.1806803942,"upper_bound":1520373.655807972},"point_estimate":1230344.483757019,"standard_error":167341.22951036962},"slope":null,"std_dev":{"confidence_interval":{"confidence_level":0.95,"lower_bound":1032759.0220423307,"upper_bound":1329088.670295104},"point_estimate":1189556.1694827098,"standard_error":79117.0431566273}}