{"mean":{"confidence_interval":{"confidence_level":0.95,"lower_bound":111793789.0235,"upper_bound":111883098.18},"point_estimate":111836451.2,"standard_error":22755.625555748218},"median":{"confidence_interval":{"confidence_level":0.95,"lower_bound":111764912.0,"upper_bound":111843162.0},"point_estimate":111799512.5,"standard_error":21012.172304739943},"median_abs_dev":{"confidence_interval":{"confidence_level":0.95,"lower_bound":137110.10426580906,"upper_bound":224975.6504058838},"point_estimate":174819.29329633713,"standard_error":23330.765166719833},"slope":null,"std_dev":{"confidence_interval":{"confidence_level":0.95,"lower_bound":188531.8313533703,"upper_bound":274040.4449300396},"point_estimate":233606.2151986422,"standard_error":22071.56246493612}}