{"mean":{"confidence_interval":{"confidence_level":0.95,"lower_bound":707129897.55,"upper_bound":707654314.75},"point_estimate":707407393.18,"standard_error":134008.78888936626},"median":{"confidence_interval":{"confidence_level":0.95,"lower_bound":707077054.0,"upper_bound":707848165.0},"point_estimate":707559639.5,"standard_error":182149.54927696756},"median_abs_dev":{"confidence_interval":{"confidence_level":0.95,"lower_bound":934568.0129081011,"upper_bound":1556911.590859294},"point_estimate":1350025.8840322495,"standard_error":153207.64843274635},"slope":null,"std_dev":{"confidence_interval":{"confidence_level":0.95,"lower_bound":1104013.181616112,"upper_bound":1577531.166480617},"point_estimate":1347488.3626879465,"standard_error":121726.56849979496}}