{"mean":{"confidence_interval":{"confidence_level":0.95,"lower_bound":50903596.03,"upper_bound":51034222.147750005},"point_estimate":50970409.69,"standard_error":33137.27578196002},"median":{"confidence_interval":{"confidence_level":0.95,"lower_bound":50881896.0,"upper_bound":51169183.0},"point_estimate":51072384.5,"standard_error":68315.74883358722},"median_abs_dev":{"confidence_interval":{"confidence_level":0.95,"lower_bound":205049.50675964355,"upper_bound":482612.9782319069},"point_estimate":328362.53567039967,"standard_error":67179.7701405404},"slope":null,"std_dev":{"confidence_interval":{"confidence_level":0.95,"lower_bound":298125.15803998965,"upper_bound":356931.6512570331},"point_estimate":330746.11274115945,"standard_error":14967.803680459625}}