{"mean":{"confidence_interval":{"confidence_level":0.95,"lower_bound":5202633447.27,"upper_bound":5208631047.07},"point_estimate":5204927166.06,"standard_error":1624313.7749777334},"median":{"confidence_interval":{"confidence_level":0.95,"lower_bound":5201887196.0,"upper_bound":5204445266.0},"point_estimate":5203006924.5,"standard_error":580489.6354425197},"median_abs_dev":{"confidence_interval":{"confidence_level":0.95,"lower_bound":3694400.8249937748,"upper_bound":6294043.120658398},"point_estimate":4945042.454507947,"standard_error":676262.0956515699},"slope":null,"std_dev":{"confidence_interval":{"confidence_level":0.95,"lower_bound":4618046.5526743755,"upper_bound":26997127.978926897},"point_estimate":16230475.285705144,"standard_error":7697945.425916876}}