{"mean":{"confidence_interval":{"confidence_level":0.95,"lower_bound":1088212936.8,"upper_bound":1095881938.7075},"point_estimate":1092102282.0,"standard_error":1958329.1953648888},"median":{"confidence_interval":{"confidence_level":0.95,"lower_bound":1087081554.5,"upper_bound":1098443597.0},"point_estimate":1091226309.0,"standard_error":2697353.8816978796},"median_abs_dev":{"confidence_interval":{"confidence_level":0.95,"lower_bound":1096569.488132,"upper_bound":12237828.66923511},"point_estimate":7972183.9461654425,"standard_error":2891556.8472169274},"slope":null,"std_dev":{"confidence_interval":{"confidence_level":0.95,"lower_bound":3879218.9240657846,"upper_bound":8187206.8280250225},"point_estimate":6573516.3030677885,"standard_error":1135817.8233515264}}