{"mean":{"confidence_interval":{"confidence_level":0.95,"lower_bound":30175331.847,"upper_bound":30224466.25575},"point_estimate":30199725.3,"standard_error":12556.144368946587},"median":{"confidence_interval":{"confidence_level":0.95,"lower_bound":30158610.0,"upper_bound":30228299.0},"point_estimate":30193554.0,"standard_error":18750.66428071352},"median_abs_dev":{"confidence_interval":{"confidence_level":0.95,"lower_bound":104344.64484751225,"upper_bound":160779.0715456009},"point_estimate":134581.53001070023,"standard_error":13882.830606776764},"slope":null,"std_dev":{"confidence_interval":{"confidence_level":0.95,"lower_bound":108476.27182107429,"upper_bound":141538.4582402055},"point_estimate":125866.42626818817,"standard_error":8400.226763729472}}