{"mean":{"confidence_interval":{"confidence_level":0.95,"lower_bound":444580312.4,"upper_bound":464665404.0},"point_estimate":454336685.2,"standard_error":5135305.154092912},"median":{"confidence_interval":{"confidence_level":0.95,"lower_bound":437899084.0,"upper_bound":469539503.0},"point_estimate":450537280.5,"standard_error":8439075.537163759},"median_abs_dev":{"confidence_interval":{"confidence_level":0.95,"lower_bound":3033286.8685483932,"upper_bound":28323199.232062697},"point_estimate":19633723.040431738,"standard_error":6543621.642638299},"slope":null,"std_dev":{"confidence_interval":{"confidence_level":0.95,"lower_bound":9952527.841570837,"upper_bound":20459721.385660652},"point_estimate":17037347.02006949,"standard_error":2649632.267082175}}