{"mean":{"confidence_interval":{"confidence_level":0.95,"lower_bound":147516608.68,"upper_bound":147740648.17},"point_estimate":147629089.14,"standard_error":56676.55183063673},"median":{"confidence_interval":{"confidence_level":0.95,"lower_bound":147462941.0,"upper_bound":147788388.0},"point_estimate":147614083.5,"standard_error":94638.06770236029},"median_abs_dev":{"confidence_interval":{"confidence_level":0.95,"lower_bound":480520.28836905956,"upper_bound":769784.4388335943},"point_estimate":633832.9864472151,"standard_error":76298.06554647791},"slope":null,"std_dev":{"confidence_interval":{"confidence_level":0.95,"lower_bound":488250.09972065984,"upper_bound":638474.3151156009},"point_estimate":565591.6171328836,"standard_error":38333.077998851404}}