{"mean":{"confidence_interval":{"confidence_level":0.95,"lower_bound":58508385.45,"upper_bound":58902211.4},"point_estimate":58706420.84,"standard_error":99919.4116799862},"median":{"confidence_interval":{"confidence_level":0.95,"lower_bound":58439487.0,"upper_bound":58834704.5},"point_estimate":58595046.5,"standard_error":97387.26233543937},"median_abs_dev":{"confidence_interval":{"confidence_level":0.95,"lower_bound":625734.2840909958,"upper_bound":1093172.8515923023},"point_estimate":845024.1635978222,"standard_error":113612.46183404034},"slope":null,"std_dev":{"confidence_interval":{"confidence_level":0.95,"lower_bound":870141.3639096158,"upper_bound":1217211.8546245378},"point_estimate":1046578.057932205,"standard_error":86921.70457908735}}