{"mean":{"confidence_interval":{"confidence_level":0.95,"lower_bound":85543762.2,"upper_bound":85712838.59},"point_estimate":85628177.34,"standard_error":43312.80029296377},"median":{"confidence_interval":{"confidence_level":0.95,"lower_bound":85481781.0,"upper_bound":85638586.0},"point_estimate":85526262.0,"standard_error":40969.914123024406},"median_abs_dev":{"confidence_interval":{"confidence_level":0.95,"lower_bound":320171.17081582546,"upper_bound":623568.2055294514},"point_estimate":436629.3987482786,"standard_error":78956.49776729965},"slope":null,"std_dev":{"confidence_interval":{"confidence_level":0.95,"lower_bound":390120.96432624065,"upper_bound":484327.5540456217},"point_estimate":439735.0890244004,"standard_error":24001.559318007457}}