{"mean":{"confidence_interval":{"confidence_level":0.95,"lower_bound":61674856.95,"upper_bound":61737174.45},"point_estimate":61706880.14,"standard_error":15997.741652289375},"median":{"confidence_interval":{"confidence_level":0.95,"lower_bound":61684196.0,"upper_bound":61740250.5},"point_estimate":61702650.5,"standard_error":14629.277494208143},"median_abs_dev":{"confidence_interval":{"confidence_level":0.95,"lower_bound":84099.74220693111,"upper_bound":179555.45891225338},"point_estimate":118029.04260456562,"standard_error":24089.49029285654},"slope":null,"std_dev":{"confidence_interval":{"confidence_level":0.95,"lower_bound":137252.2635916487,"upper_bound":187528.0106426645},"point_estimate":163681.1479982982,"standard_error":12686.206556599496}}