{"mean":{"confidence_interval":{"confidence_level":0.95,"lower_bound":8261439675.42,"upper_bound":8267452686.55},"point_estimate":8264404684.94,"standard_error":1527035.2320240205},"median":{"confidence_interval":{"confidence_level":0.95,"lower_bound":8260716142.0,"upper_bound":8267698026.0},"point_estimate":8264277513.0,"standard_error":1563798.827203575},"median_abs_dev":{"confidence_interval":{"confidence_level":0.95,"lower_bound":9089782.6323241,"upper_bound":17408957.982829213},"point_estimate":11073388.719508052,"standard_error":2409084.892915821},"slope":null,"std_dev":{"confidence_interval":{"confidence_level":0.95,"lower_bound":11450818.200900475,"upper_bound":19925216.838314306},"point_estimate":15436837.287207354,"standard_error":2219622.47056511}}