{"mean":{"confidence_interval":{"confidence_level":0.95,"lower_bound":27647350.62,"upper_bound":27775493.65},"point_estimate":27713838.7,"standard_error":33206.171112046526},"median":{"confidence_interval":{"confidence_level":0.95,"lower_bound":27535725.0,"upper_bound":27920423.5},"point_estimate":27795535.0,"standard_error":123537.23556999299},"median_abs_dev":{"confidence_interval":{"confidence_level":0.95,"lower_bound":262548.4402388334,"upper_bound":502259.6517831087},"point_estimate":416003.4679144621,"standard_error":60432.668085333986},"slope":null,"std_dev":{"confidence_interval":{"confidence_level":0.95,"lower_bound":305904.18890535977,"upper_bound":360447.6926201655},"point_estimate":334858.5352359917,"standard_error":13787.205895434876}}