{"mean":{"confidence_interval":{"confidence_level":0.95,"lower_bound":4148711143.82,"upper_bound":4155193370.1},"point_estimate":4151171967.95,"standard_error":1774052.214219624},"median":{"confidence_interval":{"confidence_level":0.95,"lower_bound":4148043483.0,"upper_bound":4150575445.5},"point_estimate":4149716006.5,"standard_error":629346.0745342468},"median_abs_dev":{"confidence_interval":{"confidence_level":0.95,"lower_bound":3872547.42474854,"upper_bound":5927191.548371315},"point_estimate":4894296.763908863,"standard_error":536583.0481422009},"slope":null,"std_dev":{"confidence_interval":{"confidence_level":0.95,"lower_bound":4155856.0383470873,"upper_bound":30345604.259978253},"point_estimate":18042860.287270654,"standard_error":9047699.784228228}}