{"mean":{"confidence_interval":{"confidence_level":0.95,"lower_bound":2155079072.04,"upper_bound":2158077017.37},"point_estimate":2156705030.48,"standard_error":766513.7926422977},"median":{"confidence_interval":{"confidence_level":0.95,"lower_bound":2157647043.0,"upper_bound":2159151300.0},"point_estimate":2158473776.5,"standard_error":355351.7445667601},"median_abs_dev":{"confidence_interval":{"confidence_level":0.95,"lower_bound":1942922.802606225,"upper_bound":3264686.6246402264},"point_estimate":2578308.8125258684,"standard_error":322353.81262295204},"slope":null,"std_dev":{"confidence_interval":{"confidence_level":0.95,"lower_bound":4119257.47680607,"upper_bound":10453819.576878406},"point_estimate":7715751.800877068,"standard_error":1589069.189838058}}