{"mean":{"confidence_interval":{"confidence_level":0.95,"lower_bound":29185536.44,"upper_bound":29229362.43},"point_estimate":29207229.28,"standard_error":11299.77773989709},"median":{"confidence_interval":{"confidence_level":0.95,"lower_bound":29180040.5,"upper_bound":29218255.0},"point_estimate":29195505.5,"standard_error":10371.124208343248},"median_abs_dev":{"confidence_interval":{"confidence_level":0.95,"lower_bound":49609.27771925926,"upper_bound":84997.4564909935},"point_estimate":63009.75758135319,"standard_error":9062.052861964332},"slope":null,"std_dev":{"confidence_interval":{"confidence_level":0.95,"lower_bound":80016.61539617249,"upper_bound":143884.88562236133},"point_estimate":113523.208633237,"standard_error":16510.464216107743}}