{"mean":{"confidence_interval":{"confidence_level":0.95,"lower_bound":409876180.925,"upper_bound":422762630.2},"point_estimate":416332476.0,"standard_error":3305286.328013977},"median":{"confidence_interval":{"confidence_level":0.95,"lower_bound":405053845.5,"upper_bound":427509385.0},"point_estimate":415733717.25,"standard_error":6261088.115478285},"median_abs_dev":{"confidence_interval":{"confidence_level":0.95,"lower_bound":1898819.5305392146,"upper_bound":18343481.517738104},"point_estimate":16646291.135819256,"standard_error":4296712.934577244},"slope":null,"std_dev":{"confidence_interval":{"confidence_level":0.95,"lower_bound":7333884.066818247,"upper_bound":12687302.82810668},"point_estimate":11025802.733562421,"standard_error":1383451.7939535119}}