{"mean":{"confidence_interval":{"confidence_level":0.95,"lower_bound":138827374.5435,"upper_bound":139209933.36},"point_estimate":139016518.83,"standard_error":95992.94085604874},"median":{"confidence_interval":{"confidence_level":0.95,"lower_bound":138714301.0,"upper_bound":139254743.0},"point_estimate":138974027.5,"standard_error":126827.54760578545},"median_abs_dev":{"confidence_interval":{"confidence_level":0.95,"lower_bound":798932.3543161154,"upper_bound":1239630.007392168},"point_estimate":1036020.8465069532,"standard_error":114314.94462075602},"slope":null,"std_dev":{"confidence_interval":{"confidence_level":0.95,"lower_bound":818928.3426444199,"upper_bound":1083782.1635026315},"point_estimate":954678.2556226508,"standard_error":68248.70386336063}}