{"mean":{"confidence_interval":{"confidence_level":0.95,"lower_bound":14547974.570875,"upper_bound":14579824.510625},"point_estimate":14563816.53,"standard_error":8023.918305651435},"median":{"confidence_interval":{"confidence_level":0.95,"lower_bound":14536758.25,"upper_bound":14586975.0},"point_estimate":14562422.25,"standard_error":13729.860919693201},"median_abs_dev":{"confidence_interval":{"confidence_level":0.95,"lower_bound":64485.3152051568,"upper_bound":102466.5613308549},"point_estimate":83051.54402554035,"standard_error":9358.743822326313},"slope":null,"std_dev":{"confidence_interval":{"confidence_level":0.95,"lower_bound":69161.00890999482,"upper_bound":90847.52952218744},"point_estimate":80435.97745976724,"standard_error":5518.89139600942}}