{"mean":{"confidence_interval":{"confidence_level":0.95,"lower_bound":60344062.77,"upper_bound":60750806.22},"point_estimate":60541144.34,"standard_error":104183.5938904637},"median":{"confidence_interval":{"confidence_level":0.95,"lower_bound":60199206.5,"upper_bound":60805867.0},"point_estimate":60617434.0,"standard_error":160081.74186338406},"median_abs_dev":{"confidence_interval":{"confidence_level":0.95,"lower_bound":895165.6947076321,"upper_bound":1329275.414800644},"point_estimate":1157873.514443636,"standard_error":109148.44072758297},"slope":null,"std_dev":{"confidence_interval":{"confidence_level":0.95,"lower_bound":900136.4070196565,"upper_bound":1172502.5066757316},"point_estimate":1046718.3174258644,"standard_error":69394.34272166614}}