{"mean":{"confidence_interval":{"confidence_level":0.95,"lower_bound":156021309.35,"upper_bound":156202270.67},"point_estimate":156110743.83,"standard_error":46248.32176036942},"median":{"confidence_interval":{"confidence_level":0.95,"lower_bound":155913839.0,"upper_bound":156210066.0},"point_estimate":156067119.5,"standard_error":71872.79367180484},"median_abs_dev":{"confidence_interval":{"confidence_level":0.95,"lower_bound":409318.42463314533,"upper_bound":623513.3493304253},"point_estimate":521907.8079342842,"standard_error":53103.25230170613},"slope":null,"std_dev":{"confidence_interval":{"confidence_level":0.95,"lower_bound":410945.9370729996,"upper_bound":518739.16559607576},"point_estimate":467175.8333683747,"standard_error":27573.61612586724}}