{"mean":{"confidence_interval":{"confidence_level":0.95,"lower_bound":294975880.44,"upper_bound":295536457.89},"point_estimate":295249775.62,"standard_error":142266.3557476843},"median":{"confidence_interval":{"confidence_level":0.95,"lower_bound":294802318.0,"upper_bound":295541245.5},"point_estimate":295208674.5,"standard_error":178302.2577136469},"median_abs_dev":{"confidence_interval":{"confidence_level":0.95,"lower_bound":1070523.1717944145,"upper_bound":1749788.2105350494},"point_estimate":1451942.771422863,"standard_error":179858.89086012027},"slope":null,"std_dev":{"confidence_interval":{"confidence_level":0.95,"lower_bound":1220175.843529951,"upper_bound":1649481.8532672916},"point_estimate":1445497.8288523941,"standard_error":113331.58475288562}}