{"mean":{"confidence_interval":{"confidence_level":0.95,"lower_bound":72922230.19,"upper_bound":73233133.88},"point_estimate":73064647.85,"standard_error":80820.12930961122},"median":{"confidence_interval":{"confidence_level":0.95,"lower_bound":72840284.0,"upper_bound":72913993.0},"point_estimate":72865689.0,"standard_error":19013.13606200147},"median_abs_dev":{"confidence_interval":{"confidence_level":0.95,"lower_bound":112883.67939591408,"upper_bound":190995.20030915737},"point_estimate":157279.39430773258,"standard_error":20254.726642640468},"slope":null,"std_dev":{"confidence_interval":{"confidence_level":0.95,"lower_bound":432728.58284610684,"upper_bound":1096589.50779989},"point_estimate":808797.92705428,"standard_error":172385.4094321645}}