{"mean":{"confidence_interval":{"confidence_level":0.95,"lower_bound":1851489830.46,"upper_bound":1852551843.3},"point_estimate":1852024769.23,"standard_error":267780.2142294845},"median":{"confidence_interval":{"confidence_level":0.95,"lower_bound":1851456418.0,"upper_bound":1852807132.5},"point_estimate":1852220379.0,"standard_error":367298.33154475054},"median_abs_dev":{"confidence_interval":{"confidence_level":0.95,"lower_bound":1871594.917872548,"upper_bound":3295052.4960011244},"point_estimate":2358881.7925214767,"standard_error":357168.3848366572},"slope":null,"std_dev":{"confidence_interval":{"confidence_level":0.95,"lower_bound":2327173.3613555916,"upper_bound":3062504.0460300636},"point_estimate":2714978.1099805445,"standard_error":185371.9999676847}}