{"mean":{"confidence_interval":{"confidence_level":0.95,"lower_bound":57396515.9,"upper_bound":57793930.73},"point_estimate":57594192.78,"standard_error":102257.71792079497},"median":{"confidence_interval":{"confidence_level":0.95,"lower_bound":57406833.0,"upper_bound":57667860.0},"point_estimate":57539982.0,"standard_error":59578.86548456932},"median_abs_dev":{"confidence_interval":{"confidence_level":0.95,"lower_bound":579635.8216419079,"upper_bound":948932.1827530861},"point_estimate":802982.8174442053,"standard_error":94921.67828004128},"slope":null,"std_dev":{"confidence_interval":{"confidence_level":0.95,"lower_bound":763320.5376077177,"upper_bound":1327248.7656598322},"point_estimate":1023545.5999443238,"standard_error":147744.6466920394}}