{"mean":{"confidence_interval":{"confidence_level":0.95,"lower_bound":28503599.69,"upper_bound":28629542.58},"point_estimate":28566813.25,"standard_error":32073.826011962778},"median":{"confidence_interval":{"confidence_level":0.95,"lower_bound":28379375.0,"upper_bound":28773741.0},"point_estimate":28561663.0,"standard_error":146004.93463893986},"median_abs_dev":{"confidence_interval":{"confidence_level":0.95,"lower_bound":289068.4472680092,"upper_bound":476007.9953491688},"point_estimate":446169.1882789135,"standard_error":46549.997806175765},"slope":null,"std_dev":{"confidence_interval":{"confidence_level":0.95,"lower_bound":297880.301861628,"upper_bound":343262.1356314305},"point_estimate":321983.428386121,"standard_error":11605.57690824827}}