{"mean":{"confidence_interval":{"confidence_level":0.95,"lower_bound":166484557.68,"upper_bound":167005233.66},"point_estimate":166747490.82,"standard_error":135239.4738226644},"median":{"confidence_interval":{"confidence_level":0.95,"lower_bound":165996577.0,"upper_bound":167219183.0},"point_estimate":166713663.0,"standard_error":280806.197659328},"median_abs_dev":{"confidence_interval":{"confidence_level":0.95,"lower_bound":1317725.9610056877,"upper_bound":2002630.810046196},"point_estimate":1735086.0078960657,"standard_error":162994.19474435275},"slope":null,"std_dev":{"confidence_interval":{"confidence_level":0.95,"lower_bound":1226011.6673364032,"upper_bound":1468443.1392611447},"point_estimate":1353821.347293573,"standard_error":62939.70750240276}}