{"mean":{"confidence_interval":{"confidence_level":0.95,"lower_bound":81127625.46,"upper_bound":81705884.05},"point_estimate":81401248.84,"standard_error":149682.856850084},"median":{"confidence_interval":{"confidence_level":0.95,"lower_bound":80910340.0,"upper_bound":81417395.0},"point_estimate":81126608.5,"standard_error":128039.95788057787},"median_abs_dev":{"confidence_interval":{"confidence_level":0.95,"lower_bound":859551.4194399118,"upper_bound":1495825.5067437887},"point_estimate":1261868.26569736,"standard_error":165034.69561655796},"slope":null,"std_dev":{"confidence_interval":{"confidence_level":0.95,"lower_bound":1127221.2622399237,"upper_bound":1876097.2329781053},"point_estimate":1510743.36443435,"standard_error":190574.79906805788}}