{"mean":{"confidence_interval":{"confidence_level":0.95,"lower_bound":1854338705.38,"upper_bound":1860266774.72},"point_estimate":1856889343.68,"standard_error":1535553.321080002},"median":{"confidence_interval":{"confidence_level":0.95,"lower_bound":1850518619.0,"upper_bound":1861285064.0},"point_estimate":1857150797.0,"standard_error":3145500.656330785},"median_abs_dev":{"confidence_interval":{"confidence_level":0.95,"lower_bound":5868886.821806431,"upper_bound":12480589.588925242},"point_estimate":11232879.411676526,"standard_error":1902162.917120797},"slope":null,"std_dev":{"confidence_interval":{"confidence_level":0.95,"lower_bound":7924812.630088954,"upper_bound":23910152.53726517},"point_estimate":15489630.04764842,"standard_error":5171635.335097352}}