{"mean":{"confidence_interval":{"confidence_level":0.95,"lower_bound":119658771.09,"upper_bound":120221289.66},"point_estimate":119931899.6,"standard_error":146691.06733457366},"median":{"confidence_interval":{"confidence_level":0.95,"lower_bound":119416182.0,"upper_bound":120088847.5},"point_estimate":119751334.0,"standard_error":170685.90702213158},"median_abs_dev":{"confidence_interval":{"confidence_level":0.95,"lower_bound":1032997.8251606226,"upper_bound":1655531.1759084463},"point_estimate":1243667.8684204817,"standard_error":150979.9134559386},"slope":null,"std_dev":{"confidence_interval":{"confidence_level":0.95,"lower_bound":1217387.3331128028,"upper_bound":1685478.1179311175},"point_estimate":1475907.6649757947,"standard_error":120080.08931177043}}