{"mean":{"confidence_interval":{"confidence_level":0.95,"lower_bound":71528533.68,"upper_bound":71729596.49825},"point_estimate":71628412.29,"standard_error":51583.06229387851},"median":{"confidence_interval":{"confidence_level":0.95,"lower_bound":71383916.0,"upper_bound":71762561.5},"point_estimate":71543288.0,"standard_error":85570.98046374929},"median_abs_dev":{"confidence_interval":{"confidence_level":0.95,"lower_bound":458081.1377674341,"upper_bound":691913.8404160738},"point_estimate":596428.471711278,"standard_error":58675.490294948795},"slope":null,"std_dev":{"confidence_interval":{"confidence_level":0.95,"lower_bound":455907.5514205186,"upper_bound":578872.7034941302},"point_estimate":519725.2221345953,"standard_error":31273.22786917951}}