{"mean":{"confidence_interval":{"confidence_level":0.95,"lower_bound":154928895.93,"upper_bound":155028946.012},"point_estimate":154978701.35,"standard_error":25296.021108504337},"median":{"confidence_interval":{"confidence_level":0.95,"lower_bound":154916106.5,"upper_bound":155027103.0},"point_estimate":154984971.0,"standard_error":27771.271572823065},"median_abs_dev":{"confidence_interval":{"confidence_level":0.95,"lower_bound":189971.4650273323,"upper_bound":312762.61874735355},"point_estimate":260036.17458343506,"standard_error":31050.426673812697},"slope":null,"std_dev":{"confidence_interval":{"confidence_level":0.95,"lower_bound":217669.96713481678,"upper_bound":283707.1917316793},"point_estimate":252561.48555375324,"standard_error":16932.812038292872}}