{"mean":{"confidence_interval":{"confidence_level":0.95,"lower_bound":5287950489.34,"upper_bound":5294265892.5},"point_estimate":5290638546.92,"standard_error":1646327.3965195455},"median":{"confidence_interval":{"confidence_level":0.95,"lower_bound":5285604738.0,"upper_bound":5289104051.0},"point_estimate":5286741474.0,"standard_error":811643.5313854476},"median_abs_dev":{"confidence_interval":{"confidence_level":0.95,"lower_bound":4329973.253327608,"upper_bound":8310772.71515429},"point_estimate":6078048.319593072,"standard_error":980146.8347501314},"slope":null,"std_dev":{"confidence_interval":{"confidence_level":0.95,"lower_bound":5874897.844395423,"upper_bound":26017097.64139301},"point_estimate":16514322.657675873,"standard_error":5692583.337454756}}