{"mean":{"confidence_interval":{"confidence_level":0.95,"lower_bound":154391137.66,"upper_bound":154760981.30175},"point_estimate":154575291.8,"standard_error":93656.67328123802},"median":{"confidence_interval":{"confidence_level":0.95,"lower_bound":154332967.0,"upper_bound":154710910.0},"point_estimate":154568475.5,"standard_error":75108.26712189283},"median_abs_dev":{"confidence_interval":{"confidence_level":0.95,"lower_bound":629533.4465235472,"upper_bound":1147095.7539349794},"point_estimate":879472.3739862442,"standard_error":147644.64102401902},"slope":null,"std_dev":{"confidence_interval":{"confidence_level":0.95,"lower_bound":806150.9647821701,"upper_bound":1043722.7427116558},"point_estimate":931124.6536469383,"standard_error":60804.59396597563}}