{"mean":{"confidence_interval":{"confidence_level":0.95,"lower_bound":277732303.85,"upper_bound":278354085.17425},"point_estimate":278049302.88,"standard_error":159438.49950780024},"median":{"confidence_interval":{"confidence_level":0.95,"lower_bound":277723461.0,"upper_bound":278369702.0},"point_estimate":278087779.0,"standard_error":167835.35347665846},"median_abs_dev":{"confidence_interval":{"confidence_level":0.95,"lower_bound":1030656.8368671895,"upper_bound":1882245.916083455},"point_estimate":1610820.408502221,"standard_error":215459.9489778817},"slope":null,"std_dev":{"confidence_interval":{"confidence_level":0.95,"lower_bound":1354633.5692869169,"upper_bound":1807440.7021362763},"point_estimate":1608593.806809087,"standard_error":116747.0667981562}}