{"mean":{"confidence_interval":{"confidence_level":0.95,"lower_bound":62742530.29,"upper_bound":63076096.54},"point_estimate":62906412.36,"standard_error":85379.11208608415},"median":{"confidence_interval":{"confidence_level":0.95,"lower_bound":62515640.0,"upper_bound":62882155.0},"point_estimate":62668023.0,"standard_error":99630.83986229169},"median_abs_dev":{"confidence_interval":{"confidence_level":0.95,"lower_bound":540986.6456955671,"upper_bound":1002017.4161106348},"point_estimate":755323.8999903202,"standard_error":120894.8736307448},"slope":null,"std_dev":{"confidence_interval":{"confidence_level":0.95,"lower_bound":750684.7757755512,"upper_bound":946747.4331008521},"point_estimate":858177.7745850376,"standard_error":49799.94001920646}}