{"mean":{"confidence_interval":{"confidence_level":0.95,"lower_bound":27779014.77,"upper_bound":27820571.01},"point_estimate":27799689.33,"standard_error":10515.316883661446},"median":{"confidence_interval":{"confidence_level":0.95,"lower_bound":27768719.0,"upper_bound":27808988.0},"point_estimate":27787068.0,"standard_error":8726.007683796977},"median_abs_dev":{"confidence_interval":{"confidence_level":0.95,"lower_bound":60659.095323085785,"upper_bound":101526.96359753609},"point_estimate":80652.6972681284,"standard_error":10648.617051661282},"slope":null,"std_dev":{"confidence_interval":{"confidence_level":0.95,"lower_bound":88667.22151772796,"upper_bound":120478.78832379416},"point_estimate":105878.12668366169,"standard_error":8160.269320577682}}