{"mean":{"confidence_interval":{"confidence_level":0.95,"lower_bound":1303968252.16,"upper_bound":1306448023.93},"point_estimate":1305352085.17,"standard_error":638533.1838447064},"median":{"confidence_interval":{"confidence_level":0.95,"lower_bound":1305085500.0,"upper_bound":1306590237.5},"point_estimate":1305765840.5,"standard_error":388173.5914737751},"median_abs_dev":{"confidence_interval":{"confidence_level":0.95,"lower_bound":2053241.5840476751,"upper_bound":3642046.865540743},"point_estimate":2630452.594900131,"standard_error":413874.72105315636},"slope":null,"std_dev":{"confidence_interval":{"confidence_level":0.95,"lower_bound":2835228.416344718,"upper_bound":9151391.999242846},"point_estimate":6300748.166863182,"standard_error":1665796.7558955837}}