{"mean":{"confidence_interval":{"confidence_level":0.95,"lower_bound":56929790.31,"upper_bound":56993770.63},"point_estimate":56960483.05,"standard_error":16424.51940754119},"median":{"confidence_interval":{"confidence_level":0.95,"lower_bound":56913292.0,"upper_bound":56951907.5},"point_estimate":56925663.5,"standard_error":9084.794682158008},"median_abs_dev":{"confidence_interval":{"confidence_level":0.95,"lower_bound":71373.84533286095,"upper_bound":122408.64292681217},"point_estimate":92723.28495383263,"standard_error":13106.209262326016},"slope":null,"std_dev":{"confidence_interval":{"confidence_level":0.95,"lower_bound":111506.18459690017,"upper_bound":212289.67329044064},"point_estimate":165654.88632894005,"standard_error":26001.401891821293}}