{"mean":{"confidence_interval":{"confidence_level":0.95,"lower_bound":154798641.49,"upper_bound":155048719.3},"point_estimate":154923177.39,"standard_error":63037.698495027245},"median":{"confidence_interval":{"confidence_level":0.95,"lower_bound":154825068.0,"upper_bound":155057376.0},"point_estimate":154933077.5,"standard_error":62122.67506994713},"median_abs_dev":{"confidence_interval":{"confidence_level":0.95,"lower_bound":432276.4852255583,"upper_bound":730379.8967331648},"point_estimate":586056.9435954094,"standard_error":76212.16059710168},"slope":null,"std_dev":{"confidence_interval":{"confidence_level":0.95,"lower_bound":547816.9636528795,"upper_bound":716398.3474287752},"point_estimate":637405.8947187102,"standard_error":43308.0087234539}}