{"mean":{"confidence_interval":{"confidence_level":0.95,"lower_bound":121112748.15,"upper_bound":121542901.53},"point_estimate":121321629.77,"standard_error":108592.40900490875},"median":{"confidence_interval":{"confidence_level":0.95,"lower_bound":121082118.5,"upper_bound":121547018.5},"point_estimate":121228406.5,"standard_error":127548.174993205},"median_abs_dev":{"confidence_interval":{"confidence_level":0.95,"lower_bound":776230.042219162,"upper_bound":1217987.7542763948},"point_estimate":1074628.4911215305,"standard_error":117250.72214418823},"slope":null,"std_dev":{"confidence_interval":{"confidence_level":0.95,"lower_bound":925736.9522862707,"upper_bound":1344998.2424297503},"point_estimate":1134797.277725546,"standard_error":110246.45409131961}}