{"mean":{"confidence_interval":{"confidence_level":0.95,"lower_bound":280207773.62875,"upper_bound":286938320.95},"point_estimate":283620557.7,"standard_error":1723721.6773329827},"median":{"confidence_interval":{"confidence_level":0.95,"lower_bound":279942984.0,"upper_bound":287636831.0},"point_estimate":284282769.75,"standard_error":1811098.6225491804},"median_abs_dev":{"confidence_interval":{"confidence_level":0.95,"lower_bound":616587.7542033792,"upper_bound":9429686.4674896},"point_estimate":4087257.1822866797,"standard_error":2344887.642373948},"slope":null,"std_dev":{"confidence_interval":{"confidence_level":0.95,"lower_bound":2801415.4849750116,"upper_bound":7541977.832542139},"point_estimate":5741264.8987466805,"standard_error":1208453.049198533}}