{"mean":{"confidence_interval":{"confidence_level":0.95,"lower_bound":29613870.12,"upper_bound":29645662.73},"point_estimate":29629677.4,"standard_error":8127.004547927377},"median":{"confidence_interval":{"confidence_level":0.95,"lower_bound":29606735.0,"upper_bound":29637120.0},"point_estimate":29619699.5,"standard_error":8048.306670161478},"median_abs_dev":{"confidence_interval":{"confidence_level":0.95,"lower_bound":54396.593034267426,"upper_bound":97976.8779605627},"point_estimate":80164.1805768013,"standard_error":11821.657763856088},"slope":null,"std_dev":{"confidence_interval":{"confidence_level":0.95,"lower_bound":69633.06420513074,"upper_bound":93993.8770795715},"point_estimate":82333.34680210908,"standard_error":6193.863686693319}}