{"mean":{"confidence_interval":{"confidence_level":0.95,"lower_bound":2404967356.81,"upper_bound":2405856158.4825},"point_estimate":2405407920.8,"standard_error":225448.75314400316},"median":{"confidence_interval":{"confidence_level":0.95,"lower_bound":2404433814.0,"upper_bound":2405571206.0},"point_estimate":2405299551.5,"standard_error":243368.7805663274},"median_abs_dev":{"confidence_interval":{"confidence_level":0.95,"lower_bound":1729689.3439918756,"upper_bound":2606402.599427104},"point_estimate":2195092.3017293215,"standard_error":213622.79901917386},"slope":null,"std_dev":{"confidence_interval":{"confidence_level":0.95,"lower_bound":1850693.1128317867,"upper_bound":2670289.5435559168},"point_estimate":2281147.587878416,"standard_error":209164.70234644102}}