{"mean":{"confidence_interval":{"confidence_level":0.95,"lower_bound":38823190.89,"upper_bound":38886754.47},"point_estimate":38855285.12,"standard_error":16446.258663633966},"median":{"confidence_interval":{"confidence_level":0.95,"lower_bound":38862838.5,"upper_bound":38908344.0},"point_estimate":38891538.5,"standard_error":11501.381146330707},"median_abs_dev":{"confidence_interval":{"confidence_level":0.95,"lower_bound":93506.09773993492,"upper_bound":220385.52088737488},"point_estimate":170080.16248047352,"standard_error":32745.30939308148},"slope":null,"std_dev":{"confidence_interval":{"confidence_level":0.95,"lower_bound":144169.80584754067,"upper_bound":183420.43892818477},"point_estimate":165149.86015310916,"standard_error":9994.807945421735}}