{"mean":{"confidence_interval":{"confidence_level":0.95,"lower_bound":186608509.95,"upper_bound":186987750.11},"point_estimate":186790541.94,"standard_error":97802.44939867241},"median":{"confidence_interval":{"confidence_level":0.95,"lower_bound":186441579.0,"upper_bound":186706123.0},"point_estimate":186571217.0,"standard_error":74452.66115128252},"median_abs_dev":{"confidence_interval":{"confidence_level":0.95,"lower_bound":513873.59867691994,"upper_bound":891465.1251733303},"point_estimate":701394.3259477615,"standard_error":98418.79282682926},"slope":null,"std_dev":{"confidence_interval":{"confidence_level":0.95,"lower_bound":747707.69142068,"upper_bound":1204717.1159919864},"point_estimate":985422.9415379721,"standard_error":117712.77516825104}}