{"mean":{"confidence_interval":{"confidence_level":0.95,"lower_bound":295886414.31,"upper_bound":296352948.97},"point_estimate":296120935.59,"standard_error":118912.06796386758},"median":{"confidence_interval":{"confidence_level":0.95,"lower_bound":295665324.5,"upper_bound":296601214.0},"point_estimate":296212079.0,"standard_error":226728.92629863654},"median_abs_dev":{"confidence_interval":{"confidence_level":0.95,"lower_bound":1052084.8172217607,"upper_bound":1621518.8499122858},"point_estimate":1386741.7310804129,"standard_error":143406.59338085054},"slope":null,"std_dev":{"confidence_interval":{"confidence_level":0.95,"lower_bound":1060584.839876376,"upper_bound":1339393.2456714709},"point_estimate":1209368.5718815876,"standard_error":71725.0600058608}}