{"mean":{"confidence_interval":{"confidence_level":0.95,"lower_bound":113602870.1,"upper_bound":114042230.0},"point_estimate":113831369.62,"standard_error":112302.25163144467},"median":{"confidence_interval":{"confidence_level":0.95,"lower_bound":113666354.0,"upper_bound":114249997.5},"point_estimate":113942360.5,"standard_error":160726.88402551188},"median_abs_dev":{"confidence_interval":{"confidence_level":0.95,"lower_bound":848852.9780298471,"upper_bound":1476066.1555945873},"point_estimate":1123101.3559609652,"standard_error":156016.93759884685},"slope":null,"std_dev":{"confidence_interval":{"confidence_level":0.95,"lower_bound":991856.7574173124,"upper_bound":1266761.150080755},"point_estimate":1135381.6603662735,"standard_error":71299.37355601833}}