{"mean":{"confidence_interval":{"confidence_level":0.95,"lower_bound":4073049836.71,"upper_bound":4132508670.43},"point_estimate":4093159546.24,"standard_error":18999846.71723978},"median":{"confidence_interval":{"confidence_level":0.95,"lower_bound":4072169333.5,"upper_bound":4075262207.5},"point_estimate":4074008079.5,"standard_error":825558.9742228113},"median_abs_dev":{"confidence_interval":{"confidence_level":0.95,"lower_bound":4854456.337416172,"upper_bound":7281379.09052968},"point_estimate":6306617.051035166,"standard_error":640880.6268009745},"slope":null,"std_dev":{"confidence_interval":{"confidence_level":0.95,"lower_bound":5173806.59711711,"upper_bound":329870731.45187986},"point_estimate":192403517.14899367,"standard_error":116851454.24826951}}