{"mean":{"confidence_interval":{"confidence_level":0.95,"lower_bound":50567320.02,"upper_bound":50968978.8695},"point_estimate":50764710.48,"standard_error":102480.09849797084},"median":{"confidence_interval":{"confidence_level":0.95,"lower_bound":50158983.5,"upper_bound":50807745.0},"point_estimate":50470787.0,"standard_error":180664.24365955745},"median_abs_dev":{"confidence_interval":{"confidence_level":0.95,"lower_bound":736839.5848184824,"upper_bound":1439175.3617495298},"point_estimate":1036489.3480986357,"standard_error":189709.66428234882},"slope":null,"std_dev":{"confidence_interval":{"confidence_level":0.95,"lower_bound":926787.7325247121,"upper_bound":1136989.5551771857},"point_estimate":1042273.1445041827,"standard_error":53774.01501684104}}