{"mean":{"confidence_interval":{"confidence_level":0.95,"lower_bound":113588344.67,"upper_bound":114106248.24},"point_estimate":113842098.77,"standard_error":135210.27697225398},"median":{"confidence_interval":{"confidence_level":0.95,"lower_bound":113510179.0,"upper_bound":114091632.5},"point_estimate":113878119.5,"standard_error":156181.70138935937},"median_abs_dev":{"confidence_interval":{"confidence_level":0.95,"lower_bound":896574.1646826267,"upper_bound":1402485.4602009058},"point_estimate":1161032.1936875582,"standard_error":128529.88096428174},"slope":null,"std_dev":{"confidence_interval":{"confidence_level":0.95,"lower_bound":1053965.3444883076,"upper_bound":1710518.9049044342},"point_estimate":1369622.4988150643,"standard_error":166692.4594015238}}