{"mean":{"confidence_interval":{"confidence_level":0.95,"lower_bound":59347944.13725,"upper_bound":59494353.004},"point_estimate":59419051.83,"standard_error":37043.95814934571},"median":{"confidence_interval":{"confidence_level":0.95,"lower_bound":59336880.5,"upper_bound":59460359.0},"point_estimate":59407595.0,"standard_error":33148.170881638514},"median_abs_dev":{"confidence_interval":{"confidence_level":0.95,"lower_bound":221610.88976562023,"upper_bound":395169.97308433056},"point_estimate":279674.69383478165,"standard_error":43241.51081871352},"slope":null,"std_dev":{"confidence_interval":{"confidence_level":0.95,"lower_bound":286455.7067594756,"upper_bound":463320.9529240006},"point_estimate":370682.42000781425,"standard_error":46889.62339699665}}