{"mean":{"confidence_interval":{"confidence_level":0.95,"lower_bound":29993826.64,"upper_bound":30034189.22},"point_estimate":30014200.26,"standard_error":10260.87743865337},"median":{"confidence_interval":{"confidence_level":0.95,"lower_bound":29983398.0,"upper_bound":30039087.0},"point_estimate":30003962.0,"standard_error":14503.433560858972},"median_abs_dev":{"confidence_interval":{"confidence_level":0.95,"lower_bound":79784.63498353958,"upper_bound":136397.7149784565},"point_estimate":115900.02904236317,"standard_error":14693.768569317503},"slope":null,"std_dev":{"confidence_interval":{"confidence_level":0.95,"lower_bound":90163.05637477864,"upper_bound":117709.20097746793},"point_estimate":104779.58229045397,"standard_error":7024.621838592263}}