{"mean":{"confidence_interval":{"confidence_level":0.95,"lower_bound":1956251009.23,"upper_bound":1959467988.14},"point_estimate":1957937130.94,"standard_error":816047.6915603017},"median":{"confidence_interval":{"confidence_level":0.95,"lower_bound":1958880126.0,"upper_bound":1960337578.5},"point_estimate":1959557329.5,"standard_error":362215.23402097455},"median_abs_dev":{"confidence_interval":{"confidence_level":0.95,"lower_bound":2456214.480793476,"upper_bound":4114279.1420694375},"point_estimate":3323436.872497201,"standard_error":436174.4888033275},"slope":null,"std_dev":{"confidence_interval":{"confidence_level":0.95,"lower_bound":4904161.635298365,"upper_bound":10998046.712186435},"point_estimate":8321175.874778169,"standard_error":1582643.9707455134}}