{"mean":{"confidence_interval":{"confidence_level":0.95,"lower_bound":54934782.81,"upper_bound":55331888.13},"point_estimate":55122348.0,"standard_error":97706.00520484558},"median":{"confidence_interval":{"confidence_level":0.95,"lower_bound":54815142.0,"upper_bound":55206699.0},"point_estimate":54941216.0,"standard_error":92665.44849449623},"median_abs_dev":{"confidence_interval":{"confidence_level":0.95,"lower_bound":609603.5963773727,"upper_bound":1216747.5593984127},"point_estimate":884594.7568953037,"standard_error":167493.19068624993},"slope":null,"std_dev":{"confidence_interval":{"confidence_level":0.95,"lower_bound":854374.8548015626,"upper_bound":1108720.481268599},"point_estimate":987503.5533881906,"standard_error":64157.24806617498}}