{"mean":{"confidence_interval":{"confidence_level":0.95,"lower_bound":152643550.97,"upper_bound":153002605.43625},"point_estimate":152821908.03,"standard_error":91556.4928205443},"median":{"confidence_interval":{"confidence_level":0.95,"lower_bound":152378048.0,"upper_bound":152875596.0},"point_estimate":152565659.0,"standard_error":125674.67009899984},"median_abs_dev":{"confidence_interval":{"confidence_level":0.95,"lower_bound":582254.0746629238,"upper_bound":1090862.960833311},"point_estimate":869225.3842681646,"standard_error":127186.5107837743},"slope":null,"std_dev":{"confidence_interval":{"confidence_level":0.95,"lower_bound":764925.5133506631,"upper_bound":1052501.8368483682},"point_estimate":914565.9050657952,"standard_error":73843.61970212177}}