{"mean":{"confidence_interval":{"confidence_level":0.95,"lower_bound":58184036.006749995,"upper_bound":58591642.57},"point_estimate":58384117.04,"standard_error":102541.13914770067},"median":{"confidence_interval":{"confidence_level":0.95,"lower_bound":58191756.0,"upper_bound":58599646.5},"point_estimate":58428982.5,"standard_error":103314.15279238646},"median_abs_dev":{"confidence_interval":{"confidence_level":0.95,"lower_bound":658475.2806097269,"upper_bound":1394822.0677294575},"point_estimate":826926.8070191145,"standard_error":211420.030554738},"slope":null,"std_dev":{"confidence_interval":{"confidence_level":0.95,"lower_bound":885574.0104583388,"upper_bound":1151465.207259934},"point_estimate":1022361.1379935928,"standard_error":67703.84586384732}}