{"mean":{"confidence_interval":{"confidence_level":0.95,"lower_bound":52337253.3595,"upper_bound":52715139.54},"point_estimate":52526610.9,"standard_error":99606.91088345609},"median":{"confidence_interval":{"confidence_level":0.95,"lower_bound":52367411.0,"upper_bound":52839357.0},"point_estimate":52575811.0,"standard_error":123378.58399638029},"median_abs_dev":{"confidence_interval":{"confidence_level":0.95,"lower_bound":620742.36997962,"upper_bound":1231102.0923435688},"point_estimate":947159.7344845533,"standard_error":160345.57955937716},"slope":null,"std_dev":{"confidence_interval":{"confidence_level":0.95,"lower_bound":857277.4010807836,"upper_bound":1187904.7542375762},"point_estimate":1029347.5591068363,"standard_error":86285.60538297959}}