{"mean":{"confidence_interval":{"confidence_level":0.95,"lower_bound":81309595.48,"upper_bound":81782547.33},"point_estimate":81546133.75,"standard_error":119419.67485920865},"median":{"confidence_interval":{"confidence_level":0.95,"lower_bound":81149209.5,"upper_bound":81886515.0},"point_estimate":81453694.5,"standard_error":162998.15696284018},"median_abs_dev":{"confidence_interval":{"confidence_level":0.95,"lower_bound":971461.7719531059,"upper_bound":1693441.2572354078},"point_estimate":1246867.31916368,"standard_error":185712.2263711736},"slope":null,"std_dev":{"confidence_interval":{"confidence_level":0.95,"lower_bound":1090116.0489327468,"upper_bound":1367528.1226917347},"point_estimate":1232599.5956107504,"standard_error":69343.13857885833}}