{"mean":{"confidence_interval":{"confidence_level":0.95,"lower_bound":155252916.6045,"upper_bound":155496998.89},"point_estimate":155372562.38,"standard_error":62314.01326440822},"median":{"confidence_interval":{"confidence_level":0.95,"lower_bound":155187622.0,"upper_bound":155442672.0},"point_estimate":155345922.0,"standard_error":68058.46335067615},"median_abs_dev":{"confidence_interval":{"confidence_level":0.95,"lower_bound":429718.6481534691,"upper_bound":753483.9934229851},"point_estimate":630388.9067083597,"standard_error":86001.8570517328},"slope":null,"std_dev":{"confidence_interval":{"confidence_level":0.95,"lower_bound":535224.2502666381,"upper_bound":704138.4060340414},"point_estimate":623449.1722110813,"standard_error":43213.55701615199}}