{"mean":{"confidence_interval":{"confidence_level":0.95,"lower_bound":12460661.205,"upper_bound":12479250.71},"point_estimate":12469277.895,"standard_error":4658.569656533467},"median":{"confidence_interval":{"confidence_level":0.95,"lower_bound":12458947.0,"upper_bound":12475136.0},"point_estimate":12464044.5,"standard_error":3790.087344287946},"median_abs_dev":{"confidence_interval":{"confidence_level":0.95,"lower_bound":25522.217246890068,"upper_bound":42682.941292226315},"point_estimate":34121.6677442193,"standard_error":4419.893238945602},"slope":null,"std_dev":{"confidence_interval":{"confidence_level":0.95,"lower_bound":32337.237570794456,"upper_bound":59984.56664565019},"point_estimate":46397.80278150017,"standard_error":7268.416941344089}}