{"mean":{"confidence_interval":{"confidence_level":0.95,"lower_bound":1143049445.82,"upper_bound":1146129167.63},"point_estimate":1144697140.07,"standard_error":775611.7881770208},"median":{"confidence_interval":{"confidence_level":0.95,"lower_bound":1144747390.0,"upper_bound":1146968935.0},"point_estimate":1146246157.0,"standard_error":628142.3429056206},"median_abs_dev":{"confidence_interval":{"confidence_level":0.95,"lower_bound":3076442.3885822296,"upper_bound":4966059.050434828},"point_estimate":3587563.5404080153,"standard_error":490844.9899362909},"slope":null,"std_dev":{"confidence_interval":{"confidence_level":0.95,"lower_bound":4245950.55152154,"upper_bound":10107264.343463663},"point_estimate":7659384.447754433,"standard_error":1462725.0848815271}}