{"mean":{"confidence_interval":{"confidence_level":0.95,"lower_bound":706046866.38,"upper_bound":706649592.3},"point_estimate":706337684.05,"standard_error":150103.28989413325},"median":{"confidence_interval":{"confidence_level":0.95,"lower_bound":705747812.0,"upper_bound":706834156.0},"point_estimate":706467491.0,"standard_error":328311.03929939144},"median_abs_dev":{"confidence_interval":{"confidence_level":0.95,"lower_bound":1397099.9157965183,"upper_bound":2113625.6570756435},"point_estimate":1706976.6536951065,"standard_error":186705.70710048714},"slope":null,"std_dev":{"confidence_interval":{"confidence_level":0.95,"lower_bound":1331897.0414637725,"upper_bound":1635851.7298734314},"point_estimate":1489159.8940557146,"standard_error":76210.35049451944}}