{"mean":{"confidence_interval":{"confidence_level":0.95,"lower_bound":121742920.63,"upper_bound":122227931.48},"point_estimate":121978611.46,"standard_error":124616.03053408094},"median":{"confidence_interval":{"confidence_level":0.95,"lower_bound":121530947.5,"upper_bound":122080274.0},"point_estimate":121740313.5,"standard_error":140270.8339111285},"median_abs_dev":{"confidence_interval":{"confidence_level":0.95,"lower_bound":827875.6710022688,"upper_bound":1440685.3898227215},"point_estimate":1127071.0173904896,"standard_error":162575.2498062571},"slope":null,"std_dev":{"confidence_interval":{"confidence_level":0.95,"lower_bound":992587.9446916028,"upper_bound":1547376.9439784},"point_estimate":1276743.0596768954,"standard_error":143261.52373781826}}