{"mean":{"confidence_interval":{"confidence_level":0.95,"lower_bound":57512022.56,"upper_bound":57987411.21},"point_estimate":57750422.09,"standard_error":121966.18058460685},"median":{"confidence_interval":{"confidence_level":0.95,"lower_bound":57415351.5,"upper_bound":58097505.0},"point_estimate":57861253.0,"standard_error":182924.1028297745},"median_abs_dev":{"confidence_interval":{"confidence_level":0.95,"lower_bound":1048181.8727910519,"upper_bound":1608896.7350363731},"point_estimate":1372283.4161370993,"standard_error":142604.2810320621},"slope":null,"std_dev":{"confidence_interval":{"confidence_level":0.95,"lower_bound":1084482.0715403343,"upper_bound":1370073.3313786266},"point_estimate":1234105.427474313,"standard_error":72658.96948287026}}