{"mean":{"confidence_interval":{"confidence_level":0.95,"lower_bound":632235917.1,"upper_bound":668445626.4599999},"point_estimate":650083151.7,"standard_error":9223567.4048616},"median":{"confidence_interval":{"confidence_level":0.95,"lower_bound":624544548.0,"upper_bound":674563673.0},"point_estimate":644686476.5,"standard_error":12319102.580010612},"median_abs_dev":{"confidence_interval":{"confidence_level":0.95,"lower_bound":3174188.7222468853,"upper_bound":52703062.07973361},"point_estimate":37079176.70421302,"standard_error":12440510.513640203},"slope":null,"std_dev":{"confidence_interval":{"confidence_level":0.95,"lower_bound":17669830.680821285,"upper_bound":38086272.356064215},"point_estimate":30823116.529466167,"standard_error":5222734.616597934}}