{"mean":{"confidence_interval":{"confidence_level":0.95,"lower_bound":90550811.91,"upper_bound":91078140.03},"point_estimate":90820267.09,"standard_error":133932.67280602126},"median":{"confidence_interval":{"confidence_level":0.95,"lower_bound":90523390.5,"upper_bound":91050049.0},"point_estimate":90839641.0,"standard_error":154340.44716694794},"median_abs_dev":{"confidence_interval":{"confidence_level":0.95,"lower_bound":914596.6499626637,"upper_bound":1570831.7220121622},"point_estimate":1281550.5216479301,"standard_error":163268.84612944946},"slope":null,"std_dev":{"confidence_interval":{"confidence_level":0.95,"lower_bound":1134323.3783532316,"upper_bound":1513731.3950427542},"point_estimate":1333282.2720094754,"standard_error":96414.79012820979}}