{"mean":{"confidence_interval":{"confidence_level":0.95,"lower_bound":1882788094.6,"upper_bound":1883796097.1},"point_estimate":1883301220.12,"standard_error":249320.98390698683},"median":{"confidence_interval":{"confidence_level":0.95,"lower_bound":1882721790.5,"upper_bound":1884098884.0},"point_estimate":1883419644.0,"standard_error":324906.3074738671},"median_abs_dev":{"confidence_interval":{"confidence_level":0.95,"lower_bound":2038434.1168105602,"upper_bound":3282367.3706263304},"point_estimate":2666302.6035636663,"standard_error":316083.2382136322},"slope":null,"std_dev":{"confidence_interval":{"confidence_level":0.95,"lower_bound":2168827.6070932047,"upper_bound":2797019.8938116063},"point_estimate":2493878.4619808975,"standard_error":157861.17716569133}}