{"mean":{"confidence_interval":{"confidence_level":0.95,"lower_bound":101928460.1,"upper_bound":102420306.8},"point_estimate":102168394.7,"standard_error":125781.03631365938},"median":{"confidence_interval":{"confidence_level":0.95,"lower_bound":101587613.0,"upper_bound":102236315.5},"point_estimate":101840575.0,"standard_error":173529.29641516274},"median_abs_dev":{"confidence_interval":{"confidence_level":0.95,"lower_bound":809235.9978856902,"upper_bound":1346564.01309371},"point_estimate":1059373.2786923647,"standard_error":140961.41847124088},"slope":null,"std_dev":{"confidence_interval":{"confidence_level":0.95,"lower_bound":1011561.4461356603,"upper_bound":1450620.4329555307},"point_estimate":1248908.1373487276,"standard_error":111418.1516093716}}