{"mean":{"confidence_interval":{"confidence_level":0.95,"lower_bound":729587248.04,"upper_bound":731589674.1750001},"point_estimate":730588398.5,"standard_error":517314.6894636301},"median":{"confidence_interval":{"confidence_level":0.95,"lower_bound":729795931.0,"upper_bound":732094644.0},"point_estimate":730720016.5,"standard_error":588383.2321146129},"median_abs_dev":{"confidence_interval":{"confidence_level":0.95,"lower_bound":4073451.581981778,"upper_bound":7226414.661705494},"point_estimate":5687696.796423197,"standard_error":775604.9383246504},"slope":null,"std_dev":{"confidence_interval":{"confidence_level":0.95,"lower_bound":4641290.392334921,"upper_bound":5845006.572160564},"point_estimate":5285265.439595554,"standard_error":306466.41077440855}}