{"mean":{"confidence_interval":{"confidence_level":0.95,"lower_bound":5786409031.0,"upper_bound":5803684122.0},"point_estimate":5794593444.9,"standard_error":4414457.269898362},"median":{"confidence_interval":{"confidence_level":0.95,"lower_bound":5785607444.0,"upper_bound":5807373842.0},"point_estimate":5789961495.0,"standard_error":5212003.765472296},"median_abs_dev":{"confidence_interval":{"confidence_level":0.95,"lower_bound":1414756.1988830566,"upper_bound":24417028.663811088},"point_estimate":8211145.703423023,"standard_error":6366248.398612203},"slope":null,"std_dev":{"confidence_interval":{"confidence_level":0.95,"lower_bound":6839284.838723089,"upper_bound":19077256.942502234},"point_estimate":14696055.611338116,"standard_error":3158003.0972025166}}