{"mean":{"confidence_interval":{"confidence_level":0.95,"lower_bound":668021473.5375,"upper_bound":675021937.1},"point_estimate":671542375.4,"standard_error":1799967.2706464822},"median":{"confidence_interval":{"confidence_level":0.95,"lower_bound":665415623.5,"upper_bound":678154407.0},"point_estimate":671781128.0,"standard_error":3859721.1358558238},"median_abs_dev":{"confidence_interval":{"confidence_level":0.95,"lower_bound":354912.194699049,"upper_bound":9449023.277646303},"point_estimate":9259040.693119168,"standard_error":2670222.680275905},"slope":null,"std_dev":{"confidence_interval":{"confidence_level":0.95,"lower_bound":4107306.756250708,"upper_bound":6664314.9432660295},"point_estimate":5978304.301492917,"standard_error":666067.2795979753}}