{"mean":{"confidence_interval":{"confidence_level":0.95,"lower_bound":153608011.51,"upper_bound":154191514.59},"point_estimate":153887325.46,"standard_error":148371.38226871716},"median":{"confidence_interval":{"confidence_level":0.95,"lower_bound":153486855.5,"upper_bound":154034286.0},"point_estimate":153685027.5,"standard_error":148680.2653444465},"median_abs_dev":{"confidence_interval":{"confidence_level":0.95,"lower_bound":1120797.3956018686,"upper_bound":1725289.7285699844},"point_estimate":1416246.2118566036,"standard_error":154890.88913527693},"slope":null,"std_dev":{"confidence_interval":{"confidence_level":0.95,"lower_bound":1194501.8087121998,"upper_bound":1710859.9486841564},"point_estimate":1452774.5385924312,"standard_error":133715.5605953717}}