{"mean":{"confidence_interval":{"confidence_level":0.95,"lower_bound":119191189.91,"upper_bound":119621040.62},"point_estimate":119399323.49,"standard_error":111223.01268464331},"median":{"confidence_interval":{"confidence_level":0.95,"lower_bound":118944037.0,"upper_bound":119694624.0},"point_estimate":119387695.0,"standard_error":186735.5075654623},"median_abs_dev":{"confidence_interval":{"confidence_level":0.95,"lower_bound":961891.5891230106,"upper_bound":1527087.6097887754},"point_estimate":1220642.3495292664,"standard_error":147407.97246814854},"slope":null,"std_dev":{"confidence_interval":{"confidence_level":0.95,"lower_bound":971968.4416339715,"upper_bound":1270203.0610577636},"point_estimate":1130577.7295389846,"standard_error":75029.90092906672}}