{"mean":{"confidence_interval":{"confidence_level":0.95,"lower_bound":62589215.92,"upper_bound":62702036.41},"point_estimate":62645070.9,"standard_error":28561.01368279299},"median":{"confidence_interval":{"confidence_level":0.95,"lower_bound":62579098.0,"upper_bound":62712149.0},"point_estimate":62652253.5,"standard_error":37726.31065641809},"median_abs_dev":{"confidence_interval":{"confidence_level":0.95,"lower_bound":196486.75061166286,"upper_bound":323961.4376485348},"point_estimate":260439.44177627563,"standard_error":32297.379458498046},"slope":null,"std_dev":{"confidence_interval":{"confidence_level":0.95,"lower_bound":235177.9091948272,"upper_bound":344969.3516315888},"point_estimate":289257.0601903253,"standard_error":28283.80513002628}}