{"mean":{"confidence_interval":{"confidence_level":0.95,"lower_bound":79279640.14,"upper_bound":79817024.06},"point_estimate":79542337.5,"standard_error":138592.52363482185},"median":{"confidence_interval":{"confidence_level":0.95,"lower_bound":79084546.0,"upper_bound":79736299.0},"point_estimate":79314838.5,"standard_error":191734.5950212754},"median_abs_dev":{"confidence_interval":{"confidence_level":0.95,"lower_bound":1092206.1964094639,"upper_bound":1797585.7510864735},"point_estimate":1451182.197636366,"standard_error":184421.2392131425},"slope":null,"std_dev":{"confidence_interval":{"confidence_level":0.95,"lower_bound":1226999.8853058333,"upper_bound":1603449.927674273},"point_estimate":1429716.8308069033,"standard_error":95791.72808398353}}