{"mean":{"confidence_interval":{"confidence_level":0.95,"lower_bound":1144002841.83,"upper_bound":1147201146.65},"point_estimate":1145706550.54,"standard_error":819359.3313759643},"median":{"confidence_interval":{"confidence_level":0.95,"lower_bound":1145966156.0,"upper_bound":1147660775.0},"point_estimate":1146909207.0,"standard_error":512796.0411170433},"median_abs_dev":{"confidence_interval":{"confidence_level":0.95,"lower_bound":3834962.032815814,"upper_bound":6117063.679200411},"point_estimate":5128082.023358345,"standard_error":579277.2853582936},"slope":null,"std_dev":{"confidence_interval":{"confidence_level":0.95,"lower_bound":5055979.832017703,"upper_bound":10879082.470897567},"point_estimate":8174046.639234844,"standard_error":1489220.125088021}}