{"mean":{"confidence_interval":{"confidence_level":0.95,"lower_bound":76882926.775,"upper_bound":77439742.36425},"point_estimate":77148262.74,"standard_error":139446.35564748826},"median":{"confidence_interval":{"confidence_level":0.95,"lower_bound":76678281.5,"upper_bound":77162231.0},"point_estimate":76948043.5,"standard_error":105865.41354967061},"median_abs_dev":{"confidence_interval":{"confidence_level":0.95,"lower_bound":860134.0812295675,"upper_bound":1449149.5530724525},"point_estimate":1147555.3599268198,"standard_error":153460.10089171058},"slope":null,"std_dev":{"confidence_interval":{"confidence_level":0.95,"lower_bound":1141401.042438414,"upper_bound":1614809.4959272307},"point_estimate":1383439.9862487172,"standard_error":120801.03222781875}}