{"mean":{"confidence_interval":{"confidence_level":0.95,"lower_bound":16892638.64,"upper_bound":16953084.30875},"point_estimate":16922676.24,"standard_error":15416.713811357718},"median":{"confidence_interval":{"confidence_level":0.95,"lower_bound":16837322.0,"upper_bound":17012241.0},"point_estimate":16974291.5,"standard_error":37984.71830850971},"median_abs_dev":{"confidence_interval":{"confidence_level":0.95,"lower_bound":117903.02160680294,"upper_bound":229231.45363032818},"point_estimate":201691.41781926155,"standard_error":30358.877235935877},"slope":null,"std_dev":{"confidence_interval":{"confidence_level":0.95,"lower_bound":140210.71713319886,"upper_bound":165245.30408347704},"point_estimate":153776.6489269237,"standard_error":6312.365225692978}}