{"mean":{"confidence_interval":{"confidence_level":0.95,"lower_bound":340636618.2,"upper_bound":341489279.485},"point_estimate":341024754.8,"standard_error":219306.5957242348},"median":{"confidence_interval":{"confidence_level":0.95,"lower_bound":340461444.0,"upper_bound":341439109.75},"point_estimate":340796877.0,"standard_error":302730.4290893839},"median_abs_dev":{"confidence_interval":{"confidence_level":0.95,"lower_bound":71942.42242276669,"upper_bound":1167096.0275799036},"point_estimate":541665.3058335185,"standard_error":314874.2979201405},"slope":null,"std_dev":{"confidence_interval":{"confidence_level":0.95,"lower_bound":324832.5870288505,"upper_bound":984435.1752480032},"point_estimate":731437.0566986685,"standard_error":183326.33790364128}}