{"mean":{"confidence_interval":{"confidence_level":0.95,"lower_bound":37885973.32,"upper_bound":37956213.79},"point_estimate":37921080.18,"standard_error":17992.88323218932},"median":{"confidence_interval":{"confidence_level":0.95,"lower_bound":37868680.0,"upper_bound":37958999.0},"point_estimate":37911074.5,"standard_error":19642.238045977992},"median_abs_dev":{"confidence_interval":{"confidence_level":0.95,"lower_bound":134284.26871597767,"upper_bound":241290.18051624298},"point_estimate":194242.09425151348,"standard_error":26237.509123913424},"slope":null,"std_dev":{"confidence_interval":{"confidence_level":0.95,"lower_bound":155009.4543400224,"upper_bound":205885.55726232883},"point_estimate":181907.03280585364,"standard_error":12875.42242701384}}