{"mean":{"confidence_interval":{"confidence_level":0.95,"lower_bound":112579694.7,"upper_bound":113116434.36575},"point_estimate":112846153.65,"standard_error":137227.32064179715},"median":{"confidence_interval":{"confidence_level":0.95,"lower_bound":112524905.5,"upper_bound":113074809.5},"point_estimate":112718484.0,"standard_error":142579.31070735256},"median_abs_dev":{"confidence_interval":{"confidence_level":0.95,"lower_bound":813255.0113618374,"upper_bound":1708646.0612654686},"point_estimate":973062.9799246788,"standard_error":230577.0335756425},"slope":null,"std_dev":{"confidence_interval":{"confidence_level":0.95,"lower_bound":1185488.283465116,"upper_bound":1573350.0012028385},"point_estimate":1390542.9610717644,"standard_error":99447.10759765725}}