{"mean":{"confidence_interval":{"confidence_level":0.95,"lower_bound":816134205.0075,"upper_bound":822393885.5},"point_estimate":818728629.2,"standard_error":1650864.6749552758},"median":{"confidence_interval":{"confidence_level":0.95,"lower_bound":815566973.0,"upper_bound":819903485.0},"point_estimate":816964845.0,"standard_error":1310293.3399805438},"median_abs_dev":{"confidence_interval":{"confidence_level":0.95,"lower_bound":112095.67750990391,"upper_bound":5560034.560489655},"point_estimate":2147555.698773265,"standard_error":1390853.6953011714},"slope":null,"std_dev":{"confidence_interval":{"confidence_level":0.95,"lower_bound":1469478.8998247872,"upper_bound":8090925.015415766},"point_estimate":5475109.519861474,"standard_error":2061551.9416257937}}