{"mean":{"confidence_interval":{"confidence_level":0.95,"lower_bound":22559729.92,"upper_bound":22629779.05},"point_estimate":22594308.1,"standard_error":17680.59061293848},"median":{"confidence_interval":{"confidence_level":0.95,"lower_bound":22552292.0,"upper_bound":22628041.0},"point_estimate":22578371.0,"standard_error":18059.319812485137},"median_abs_dev":{"confidence_interval":{"confidence_level":0.95,"lower_bound":147065.76308906078,"upper_bound":249930.3839803481},"point_estimate":204575.0747680664,"standard_error":26565.53735613735},"slope":null,"std_dev":{"confidence_interval":{"confidence_level":0.95,"lower_bound":155225.16857835976,"upper_bound":196107.56719966137},"point_estimate":177208.47678686597,"standard_error":10455.102297260348}}