{"mean":{"confidence_interval":{"confidence_level":0.95,"lower_bound":1074704850.02,"upper_bound":1075803390.29},"point_estimate":1075249211.61,"standard_error":281026.7126009435},"median":{"confidence_interval":{"confidence_level":0.95,"lower_bound":1074291266.0,"upper_bound":1076300237.0},"point_estimate":1075199279.5,"standard_error":502134.9096417469},"median_abs_dev":{"confidence_interval":{"confidence_level":0.95,"lower_bound":2330005.9341341257,"upper_bound":3585673.6702215658},"point_estimate":3099605.04797101,"standard_error":329151.22861121345},"slope":null,"std_dev":{"confidence_interval":{"confidence_level":0.95,"lower_bound":2402163.2737481473,"upper_bound":3359429.7862847396},"point_estimate":2874432.354963482,"standard_error":247855.23918287538}}