{"mean":{"confidence_interval":{"confidence_level":0.95,"lower_bound":82752035.7,"upper_bound":83374205.25},"point_estimate":83066329.62,"standard_error":158014.1371739256},"median":{"confidence_interval":{"confidence_level":0.95,"lower_bound":82706888.0,"upper_bound":83346121.0},"point_estimate":83010820.0,"standard_error":140634.77940499704},"median_abs_dev":{"confidence_interval":{"confidence_level":0.95,"lower_bound":1180025.0406503677,"upper_bound":1914901.6631036997},"point_estimate":1601921.8434602022,"standard_error":190191.64171946456},"slope":null,"std_dev":{"confidence_interval":{"confidence_level":0.95,"lower_bound":1352714.7269748347,"upper_bound":1850426.4167896544},"point_estimate":1600446.7275294776,"standard_error":128283.50907162491}}