{"mean":{"confidence_interval":{"confidence_level":0.95,"lower_bound":2791615701.9824996,"upper_bound":2832380998.145},"point_estimate":2812039359.3,"standard_error":10478244.713011162},"median":{"confidence_interval":{"confidence_level":0.95,"lower_bound":2774818005.0,"upper_bound":2849510057.0},"point_estimate":2815075925.0,"standard_error":17400231.707462694},"median_abs_dev":{"confidence_interval":{"confidence_level":0.95,"lower_bound":4442782.802724838,"upper_bound":59452190.00361264},"point_estimate":52342965.974226594,"standard_error":15561193.309431879},"slope":null,"std_dev":{"confidence_interval":{"confidence_level":0.95,"lower_bound":21377395.230375607,"upper_bound":41129558.03746913},"point_estimate":34856559.77954585,"standard_error":4947604.827515796}}