{"mean":{"confidence_interval":{"confidence_level":0.95,"lower_bound":76575916.71,"upper_bound":77158044.53},"point_estimate":76851485.62,"standard_error":148172.13214239018},"median":{"confidence_interval":{"confidence_level":0.95,"lower_bound":76450107.5,"upper_bound":77081530.0},"point_estimate":76749994.0,"standard_error":195393.6538364548},"median_abs_dev":{"confidence_interval":{"confidence_level":0.95,"lower_bound":1067629.8779457808,"upper_bound":1982056.0289114714},"point_estimate":1501996.8291342258,"standard_error":234700.91638576382},"slope":null,"std_dev":{"confidence_interval":{"confidence_level":0.95,"lower_bound":1298860.0052880484,"upper_bound":1818914.2472333042},"point_estimate":1536807.6388677924,"standard_error":135627.69984501824}}