{"mean":{"confidence_interval":{"confidence_level":0.95,"lower_bound":209029882.51,"upper_bound":209290674.2},"point_estimate":209160886.24,"standard_error":66681.30548220908},"median":{"confidence_interval":{"confidence_level":0.95,"lower_bound":209104924.0,"upper_bound":209322744.0},"point_estimate":209217653.5,"standard_error":66820.12073454169},"median_abs_dev":{"confidence_interval":{"confidence_level":0.95,"lower_bound":441789.58795666695,"upper_bound":794236.2188994884},"point_estimate":616039.5628631115,"standard_error":89641.62691176943},"slope":null,"std_dev":{"confidence_interval":{"confidence_level":0.95,"lower_bound":571008.7293362255,"upper_bound":756496.6508159142},"point_estimate":667067.2906989268,"standard_error":47583.617838870174}}