{"mean":{"confidence_interval":{"confidence_level":0.95,"lower_bound":58932682.91,"upper_bound":59331217.93},"point_estimate":59130096.11,"standard_error":97075.88599731155},"median":{"confidence_interval":{"confidence_level":0.95,"lower_bound":58998614.0,"upper_bound":59372501.0},"point_estimate":59160714.0,"standard_error":98197.64292469014},"median_abs_dev":{"confidence_interval":{"confidence_level":0.95,"lower_bound":645468.4310406446,"upper_bound":1094662.8645658493},"point_estimate":940763.7981981039,"standard_error":110530.34133180915},"slope":null,"std_dev":{"confidence_interval":{"confidence_level":0.95,"lower_bound":828390.2384347516,"upper_bound":1124575.0175972485},"point_estimate":982046.1184161773,"standard_error":75237.50065302396}}