{"mean":{"confidence_interval":{"confidence_level":0.95,"lower_bound":54688020.82,"upper_bound":55141741.53},"point_estimate":54913709.14,"standard_error":116236.339897168},"median":{"confidence_interval":{"confidence_level":0.95,"lower_bound":54467345.5,"upper_bound":55150342.0},"point_estimate":54781820.5,"standard_error":177753.9789795636},"median_abs_dev":{"confidence_interval":{"confidence_level":0.95,"lower_bound":856067.3095017672,"upper_bound":1416734.7285479307},"point_estimate":1100314.535665512,"standard_error":141300.8016279519},"slope":null,"std_dev":{"confidence_interval":{"confidence_level":0.95,"lower_bound":986098.631808189,"upper_bound":1287205.7110217686},"point_estimate":1144312.7647557945,"standard_error":77031.60467443915}}