{"mean":{"confidence_interval":{"confidence_level":0.95,"lower_bound":99041325.30725,"upper_bound":99139325.77},"point_estimate":99088019.78,"standard_error":24983.19521625968},"median":{"confidence_interval":{"confidence_level":0.95,"lower_bound":98982729.0,"upper_bound":99118794.0},"point_estimate":99061471.5,"standard_error":38743.742365770275},"median_abs_dev":{"confidence_interval":{"confidence_level":0.95,"lower_bound":164408.9210611582,"upper_bound":269790.1998102665},"point_estimate":201375.624024868,"standard_error":27008.731639733753},"slope":null,"std_dev":{"confidence_interval":{"confidence_level":0.95,"lower_bound":172468.5284260607,"upper_bound":333287.0184695836},"point_estimate":248384.8636041824,"standard_error":43634.85368460531}}