{"mean":{"confidence_interval":{"confidence_level":0.95,"lower_bound":51656524.34,"upper_bound":51830980.89},"point_estimate":51742263.38,"standard_error":44403.15372956155},"median":{"confidence_interval":{"confidence_level":0.95,"lower_bound":51606035.0,"upper_bound":51772182.0},"point_estimate":51688408.0,"standard_error":43213.05615751564},"median_abs_dev":{"confidence_interval":{"confidence_level":0.95,"lower_bound":319379.4624298811,"upper_bound":686423.772713542},"point_estimate":561210.7919365168,"standard_error":97197.274016531},"slope":null,"std_dev":{"confidence_interval":{"confidence_level":0.95,"lower_bound":388251.17729533813,"upper_bound":503853.00676243135},"point_estimate":446326.6193173427,"standard_error":29116.815421746152}}