{"mean":{"confidence_interval":{"confidence_level":0.95,"lower_bound":1012020132.4100001,"upper_bound":1060076859.4},"point_estimate":1035566412.9,"standard_error":12323611.732826145},"median":{"confidence_interval":{"confidence_level":0.95,"lower_bound":1005003526.0,"upper_bound":1072116362.0},"point_estimate":1033957100.0,"standard_error":17961064.369349767},"median_abs_dev":{"confidence_interval":{"confidence_level":0.95,"lower_bound":5634184.574273229,"upper_bound":70380361.7621988},"point_estimate":36980588.995063305,"standard_error":17282319.889935277},"slope":null,"std_dev":{"confidence_interval":{"confidence_level":0.95,"lower_bound":22973977.227897517,"upper_bound":51177138.173621304},"point_estimate":40932804.30738137,"standard_error":7104938.685789973}}