{"mean":{"confidence_interval":{"confidence_level":0.95,"lower_bound":727954986.94,"upper_bound":730268606.06},"point_estimate":729108358.01,"standard_error":597195.5883518482},"median":{"confidence_interval":{"confidence_level":0.95,"lower_bound":727770570.0,"upper_bound":730956522.0},"point_estimate":729359534.0,"standard_error":785112.631796171},"median_abs_dev":{"confidence_interval":{"confidence_level":0.95,"lower_bound":4723659.885138273,"upper_bound":7324117.258670926},"point_estimate":6113182.23246932,"standard_error":661758.0204969246},"slope":null,"std_dev":{"confidence_interval":{"confidence_level":0.95,"lower_bound":5160200.516868979,"upper_bound":6687982.187985593},"point_estimate":5964403.329006881,"standard_error":388416.6672832354}}