{"mean":{"confidence_interval":{"confidence_level":0.95,"lower_bound":246063316.21,"upper_bound":246493741.35},"point_estimate":246276995.83,"standard_error":111504.40211981384},"median":{"confidence_interval":{"confidence_level":0.95,"lower_bound":246050863.0,"upper_bound":246503826.0},"point_estimate":246370122.5,"standard_error":127699.45508338175},"median_abs_dev":{"confidence_interval":{"confidence_level":0.95,"lower_bound":769837.8124326468,"upper_bound":1363106.1223000288},"point_estimate":1088264.7043794394,"standard_error":152058.5012194471},"slope":null,"std_dev":{"confidence_interval":{"confidence_level":0.95,"lower_bound":947741.4619055717,"upper_bound":1262066.734697816},"point_estimate":1114165.9920285083,"standard_error":79903.89724543835}}