{"mean":{"confidence_interval":{"confidence_level":0.95,"lower_bound":522368807.6925,"upper_bound":525909110.3},"point_estimate":524175082.0,"standard_error":904504.1468662034},"median":{"confidence_interval":{"confidence_level":0.95,"lower_bound":521801839.0,"upper_bound":526563362.0},"point_estimate":524319244.5,"standard_error":1211052.137872902},"median_abs_dev":{"confidence_interval":{"confidence_level":0.95,"lower_bound":657090.5322343111,"upper_bound":5281706.067430973},"point_estimate":2681126.3794004917,"standard_error":1133463.216395875},"slope":null,"std_dev":{"confidence_interval":{"confidence_level":0.95,"lower_bound":1700422.1978572677,"upper_bound":3777277.3129808092},"point_estimate":3001345.8707903028,"standard_error":537825.4311795078}}