{"mean":{"confidence_interval":{"confidence_level":0.95,"lower_bound":364085748.16375,"upper_bound":364947866.0},"point_estimate":364464765.45,"standard_error":222639.41339038088},"median":{"confidence_interval":{"confidence_level":0.95,"lower_bound":363860289.0,"upper_bound":364728443.0},"point_estimate":364339948.75,"standard_error":193526.5313314304},"median_abs_dev":{"confidence_interval":{"confidence_level":0.95,"lower_bound":111013.00887912512,"upper_bound":931737.3589083552},"point_estimate":567980.7140663266,"standard_error":233603.84102933202},"slope":null,"std_dev":{"confidence_interval":{"confidence_level":0.95,"lower_bound":273140.9564166865,"upper_bound":1059550.7868635769},"point_estimate":742595.0320630668,"standard_error":234178.2084788541}}