{"mean":{"confidence_interval":{"confidence_level":0.95,"lower_bound":68191987.7,"upper_bound":68351737.62},"point_estimate":68269471.27,"standard_error":40464.13952971802},"median":{"confidence_interval":{"confidence_level":0.95,"lower_bound":68120406.0,"upper_bound":68263937.0},"point_estimate":68188664.5,"standard_error":34804.08004010248},"median_abs_dev":{"confidence_interval":{"confidence_level":0.95,"lower_bound":222028.9829581976,"upper_bound":420431.2527358532},"point_estimate":312781.8925470114,"standard_error":49661.360821504524},"slope":null,"std_dev":{"confidence_interval":{"confidence_level":0.95,"lower_bound":335162.35367859586,"upper_bound":464447.7483633932},"point_estimate":405614.56394747476,"standard_error":33070.896570581775}}