{"mean":{"confidence_interval":{"confidence_level":0.95,"lower_bound":261634163.72,"upper_bound":267326562.24},"point_estimate":263756297.83,"standard_error":1652542.002963088},"median":{"confidence_interval":{"confidence_level":0.95,"lower_bound":261017954.0,"upper_bound":261743630.0},"point_estimate":261303107.5,"standard_error":158909.89273480655},"median_abs_dev":{"confidence_interval":{"confidence_level":0.95,"lower_bound":1316088.4293347597,"upper_bound":2196310.2576076984},"point_estimate":1731480.3247600794,"standard_error":213322.1809618369},"slope":null,"std_dev":{"confidence_interval":{"confidence_level":0.95,"lower_bound":2615489.630677428,"upper_bound":28561441.26810181},"point_estimate":16833728.28448392,"standard_error":9071185.728001712}}