{"mean":{"confidence_interval":{"confidence_level":0.95,"lower_bound":820139515.9,"upper_bound":822341826.505},"point_estimate":821004068.2,"standard_error":599649.5477573867},"median":{"confidence_interval":{"confidence_level":0.95,"lower_bound":819874552.0,"upper_bound":821016896.5},"point_estimate":820694150.0,"standard_error":363531.22774168575},"median_abs_dev":{"confidence_interval":{"confidence_level":0.95,"lower_bound":16335.286509990692,"upper_bound":1381449.5904743671},"point_estimate":1059249.4815945625,"standard_error":418284.3329093844},"slope":null,"std_dev":{"confidence_interval":{"confidence_level":0.95,"lower_bound":427567.78729958914,"upper_bound":3038302.975639563},"point_estimate":1996336.3647279704,"standard_error":886589.3999635053}}