{"mean":{"confidence_interval":{"confidence_level":0.95,"lower_bound":58843534.927,"upper_bound":58997304.05},"point_estimate":58920763.95,"standard_error":38884.591101937884},"median":{"confidence_interval":{"confidence_level":0.95,"lower_bound":58814486.0,"upper_bound":59078754.0},"point_estimate":58959179.5,"standard_error":65450.07811609917},"median_abs_dev":{"confidence_interval":{"confidence_level":0.95,"lower_bound":347728.2565265894,"upper_bound":533505.2794358875},"point_estimate":486165.2877688408,"standard_error":49186.71601472155},"slope":null,"std_dev":{"confidence_interval":{"confidence_level":0.95,"lower_bound":342171.56988454034,"upper_bound":433957.92853584467},"point_estimate":390857.1378329906,"standard_error":23534.25940730794}}