{"mean":{"confidence_interval":{"confidence_level":0.95,"lower_bound":60195025.62,"upper_bound":60626919.41},"point_estimate":60418230.22,"standard_error":110176.98610199286},"median":{"confidence_interval":{"confidence_level":0.95,"lower_bound":60290487.5,"upper_bound":60707121.0},"point_estimate":60528028.5,"standard_error":112658.72081467754},"median_abs_dev":{"confidence_interval":{"confidence_level":0.95,"lower_bound":798749.2532193661,"upper_bound":1341680.3287804127},"point_estimate":1113827.6931256056,"standard_error":137855.25673580225},"slope":null,"std_dev":{"confidence_interval":{"confidence_level":0.95,"lower_bound":937376.0462029572,"upper_bound":1259566.6779653619},"point_estimate":1102547.221273809,"standard_error":80702.7464108039}}