{"mean":{"confidence_interval":{"confidence_level":0.95,"lower_bound":120281247.03,"upper_bound":120772679.07},"point_estimate":120527651.85,"standard_error":125346.56495864928},"median":{"confidence_interval":{"confidence_level":0.95,"lower_bound":120158942.5,"upper_bound":120834935.0},"point_estimate":120562253.0,"standard_error":187133.6911156979},"median_abs_dev":{"confidence_interval":{"confidence_level":0.95,"lower_bound":945131.537720561,"upper_bound":1427073.6394643784},"point_estimate":1122047.2273796797,"standard_error":122110.35853574956},"slope":null,"std_dev":{"confidence_interval":{"confidence_level":0.95,"lower_bound":1005675.5713785103,"upper_bound":1513751.0888415226},"point_estimate":1261253.592418869,"standard_error":131798.19982799832}}