{"mean":{"confidence_interval":{"confidence_level":0.95,"lower_bound":81778277.47925,"upper_bound":82259560.29},"point_estimate":82016660.97,"standard_error":125965.66622904458},"median":{"confidence_interval":{"confidence_level":0.95,"lower_bound":81827797.0,"upper_bound":82310430.0},"point_estimate":82130414.0,"standard_error":111614.16966878672},"median_abs_dev":{"confidence_interval":{"confidence_level":0.95,"lower_bound":848216.2013411522,"upper_bound":1811794.989234209},"point_estimate":1395554.3053239584,"standard_error":265535.2532902938},"slope":null,"std_dev":{"confidence_interval":{"confidence_level":0.95,"lower_bound":1099359.99568074,"upper_bound":1418714.860098325},"point_estimate":1261891.55459838,"standard_error":83657.91001312523}}