{"mean":{"confidence_interval":{"confidence_level":0.95,"lower_bound":2403189446.79,"upper_bound":2404537598.96},"point_estimate":2403831029.88,"standard_error":339417.01021852595},"median":{"confidence_interval":{"confidence_level":0.95,"lower_bound":2403075447.0,"upper_bound":2404482269.0},"point_estimate":2403774435.0,"standard_error":370236.0556789539},"median_abs_dev":{"confidence_interval":{"confidence_level":0.95,"lower_bound":2004266.8591171503,"upper_bound":3514595.158803463},"point_estimate":2472970.0843960047,"standard_error":376407.49202373065},"slope":null,"std_dev":{"confidence_interval":{"confidence_level":0.95,"lower_bound":2542986.6556789256,"upper_bound":4366535.911550472},"point_estimate":3388793.220379825,"standard_error":482652.40063259064}}