{"mean":{"confidence_interval":{"confidence_level":0.95,"lower_bound":72665850.66,"upper_bound":72838169.66},"point_estimate":72750310.95,"standard_error":44134.3680894066},"median":{"confidence_interval":{"confidence_level":0.95,"lower_bound":72594219.0,"upper_bound":72750348.0},"point_estimate":72648664.0,"standard_error":41661.7510558969},"median_abs_dev":{"confidence_interval":{"confidence_level":0.95,"lower_bound":255176.21186971664,"upper_bound":598238.7262791395},"point_estimate":439994.900688529,"standard_error":84560.2233206133},"slope":null,"std_dev":{"confidence_interval":{"confidence_level":0.95,"lower_bound":382169.919902835,"upper_bound":501532.7800418769},"point_estimate":445153.69654201216,"standard_error":30589.533182305924}}