{"mean":{"confidence_interval":{"confidence_level":0.95,"lower_bound":71444831.59200001,"upper_bound":71586983.98},"point_estimate":71515166.22,"standard_error":36275.38215906654},"median":{"confidence_interval":{"confidence_level":0.95,"lower_bound":71308093.0,"upper_bound":71592055.0},"point_estimate":71424387.5,"standard_error":75502.61164689074},"median_abs_dev":{"confidence_interval":{"confidence_level":0.95,"lower_bound":265403.18648815155,"upper_bound":519436.313778162},"point_estimate":392855.6345254183,"standard_error":72004.74525520396},"slope":null,"std_dev":{"confidence_interval":{"confidence_level":0.95,"lower_bound":329973.4405837364,"upper_bound":394227.7269855532},"point_estimate":365694.8736282357,"standard_error":16417.748342988114}}