{"mean":{"confidence_interval":{"confidence_level":0.95,"lower_bound":1011896680.3,"upper_bound":1037484340.225},"point_estimate":1024783479.1,"standard_error":6536000.593305387},"median":{"confidence_interval":{"confidence_level":0.95,"lower_bound":1009652675.0,"upper_bound":1041440840.0},"point_estimate":1024770871.0,"standard_error":8383789.501640982},"median_abs_dev":{"confidence_interval":{"confidence_level":0.95,"lower_bound":5663548.20805192,"upper_bound":38570494.36573684},"point_estimate":23564566.29614532,"standard_error":8282353.7803885285},"slope":null,"std_dev":{"confidence_interval":{"confidence_level":0.95,"lower_bound":12214916.178062925,"upper_bound":27906349.67604542},"point_estimate":21722117.20527302,"standard_error":4076184.8488697493}}