{"mean":{"confidence_interval":{"confidence_level":0.95,"lower_bound":212061639.98,"upper_bound":212521832.6485},"point_estimate":212284925.79,"standard_error":117582.09075140649},"median":{"confidence_interval":{"confidence_level":0.95,"lower_bound":211767186.0,"upper_bound":212333059.0},"point_estimate":212031637.5,"standard_error":176026.01584756357},"median_abs_dev":{"confidence_interval":{"confidence_level":0.95,"lower_bound":759015.5739247799,"upper_bound":1288242.9779291153},"point_estimate":986148.407292366,"standard_error":145537.37995439582},"slope":null,"std_dev":{"confidence_interval":{"confidence_level":0.95,"lower_bound":973355.2264030584,"upper_bound":1382796.1633707813},"point_estimate":1190964.2189376657,"standard_error":104922.10172213915}}