{"mean":{"confidence_interval":{"confidence_level":0.95,"lower_bound":981222117.77,"upper_bound":981841780.18},"point_estimate":981525520.05,"standard_error":158043.37426358197},"median":{"confidence_interval":{"confidence_level":0.95,"lower_bound":980994940.0,"upper_bound":981682660.0},"point_estimate":981321579.0,"standard_error":178447.2766976957},"median_abs_dev":{"confidence_interval":{"confidence_level":0.95,"lower_bound":1055969.2291527987,"upper_bound":1822652.0688414574},"point_estimate":1460885.0731641054,"standard_error":198621.1861528729},"slope":null,"std_dev":{"confidence_interval":{"confidence_level":0.95,"lower_bound":1285305.5791579303,"upper_bound":1899646.53925628},"point_estimate":1587051.0757299345,"standard_error":159797.43015471828}}