{"mean":{"confidence_interval":{"confidence_level":0.95,"lower_bound":5285089380.7,"upper_bound":5299062657.26},"point_estimate":5291963027.3,"standard_error":3572611.791011793},"median":{"confidence_interval":{"confidence_level":0.95,"lower_bound":5280418696.0,"upper_bound":5298350775.5},"point_estimate":5293481452.0,"standard_error":4996172.102812548},"median_abs_dev":{"confidence_interval":{"confidence_level":0.95,"lower_bound":478258.5821092129,"upper_bound":23999420.28142512},"point_estimate":7369855.467858911,"standard_error":5651549.3030101275},"slope":null,"std_dev":{"confidence_interval":{"confidence_level":0.95,"lower_bound":6681884.526303122,"upper_bound":15461562.473274587},"point_estimate":11894116.707386332,"standard_error":2365147.6424857224}}