{"mean":{"confidence_interval":{"confidence_level":0.95,"lower_bound":75744811.76,"upper_bound":76249792.35},"point_estimate":75996621.66,"standard_error":128938.62495845278},"median":{"confidence_interval":{"confidence_level":0.95,"lower_bound":75738214.5,"upper_bound":76294219.0},"point_estimate":75939558.0,"standard_error":130075.41108989633},"median_abs_dev":{"confidence_interval":{"confidence_level":0.95,"lower_bound":811146.7541992664,"upper_bound":1582437.5146061182},"point_estimate":1156091.4292752743,"standard_error":214696.14191192805},"slope":null,"std_dev":{"confidence_interval":{"confidence_level":0.95,"lower_bound":1098386.4111460561,"upper_bound":1479833.7955663297},"point_estimate":1295662.4901950073,"standard_error":97331.77811938398}}