{"mean":{"confidence_interval":{"confidence_level":0.95,"lower_bound":665896560.755,"upper_bound":669103238.6},"point_estimate":667371012.6,"standard_error":815485.2558682256},"median":{"confidence_interval":{"confidence_level":0.95,"lower_bound":665186086.0,"upper_bound":668915007.5},"point_estimate":666716091.0,"standard_error":1003815.7632838461},"median_abs_dev":{"confidence_interval":{"confidence_level":0.95,"lower_bound":496975.6654769182,"upper_bound":4445434.432777762},"point_estimate":2680748.3164072037,"standard_error":951663.6181585856},"slope":null,"std_dev":{"confidence_interval":{"confidence_level":0.95,"lower_bound":1302203.903125741,"upper_bound":3686421.761017389},"point_estimate":2714133.986701557,"standard_error":678144.237357895}}