{"mean":{"confidence_interval":{"confidence_level":0.95,"lower_bound":605521061.47,"upper_bound":605959944.33},"point_estimate":605742751.73,"standard_error":113109.94146548846},"median":{"confidence_interval":{"confidence_level":0.95,"lower_bound":605358525.0,"upper_bound":606024027.5},"point_estimate":605722231.0,"standard_error":194067.01740138253},"median_abs_dev":{"confidence_interval":{"confidence_level":0.95,"lower_bound":1023463.2247298956,"upper_bound":1509431.3267022371},"point_estimate":1353618.9650684595,"standard_error":127634.04692623831},"slope":null,"std_dev":{"confidence_interval":{"confidence_level":0.95,"lower_bound":998545.8281212759,"upper_bound":1264863.436811179},"point_estimate":1138993.1395073126,"standard_error":67867.37159747082}}