{"mean":{"confidence_interval":{"confidence_level":0.95,"lower_bound":79615016.95,"upper_bound":80154385.89},"point_estimate":79883958.45,"standard_error":136556.77215441156},"median":{"confidence_interval":{"confidence_level":0.95,"lower_bound":79496685.0,"upper_bound":80478235.0},"point_estimate":80013786.0,"standard_error":253804.58332152673},"median_abs_dev":{"confidence_interval":{"confidence_level":0.95,"lower_bound":1201469.3666696548,"upper_bound":1781999.1775631905},"point_estimate":1425313.7932956219,"standard_error":146961.8161663772},"slope":null,"std_dev":{"confidence_interval":{"confidence_level":0.95,"lower_bound":1189679.2030029362,"upper_bound":1533943.4598227718},"point_estimate":1375726.7195794063,"standard_error":88292.84489809825}}