{"mean":{"confidence_interval":{"confidence_level":0.95,"lower_bound":81184863.98,"upper_bound":81760827.74},"point_estimate":81479045.51,"standard_error":146851.39576776384},"median":{"confidence_interval":{"confidence_level":0.95,"lower_bound":81193943.5,"upper_bound":81668947.0},"point_estimate":81417287.5,"standard_error":130321.59633804372},"median_abs_dev":{"confidence_interval":{"confidence_level":0.95,"lower_bound":800006.4979970455,"upper_bound":1527036.4600896835},"point_estimate":1159622.9824125767,"standard_error":184944.65379745033},"slope":null,"std_dev":{"confidence_interval":{"confidence_level":0.95,"lower_bound":1236221.0335721886,"upper_bound":1685918.7337335849},"point_estimate":1476546.4942815383,"standard_error":113475.12417413174}}