{"mean":{"confidence_interval":{"confidence_level":0.95,"lower_bound":64270066.34,"upper_bound":64775526.83},"point_estimate":64519932.33,"standard_error":131998.68715916493},"median":{"confidence_interval":{"confidence_level":0.95,"lower_bound":64335974.0,"upper_bound":64758960.5},"point_estimate":64456903.0,"standard_error":94557.09121555815},"median_abs_dev":{"confidence_interval":{"confidence_level":0.95,"lower_bound":933221.8121320009,"upper_bound":1637406.3912302256},"point_estimate":1324098.1756925583,"standard_error":182037.79083977916},"slope":null,"std_dev":{"confidence_interval":{"confidence_level":0.95,"lower_bound":1134782.0391315965,"upper_bound":1525011.200691398},"point_estimate":1332763.0121874975,"standard_error":99821.80461071688}}