{"mean":{"confidence_interval":{"confidence_level":0.95,"lower_bound":5696831338.37,"upper_bound":5701778362.0460005},"point_estimate":5699244046.44,"standard_error":1241219.0394662626},"median":{"confidence_interval":{"confidence_level":0.95,"lower_bound":5696968006.0,"upper_bound":5700227513.0},"point_estimate":5697753876.5,"standard_error":931623.5140204751},"median_abs_dev":{"confidence_interval":{"confidence_level":0.95,"lower_bound":4103062.8099560738,"upper_bound":8669988.156276941},"point_estimate":5820815.741559863,"standard_error":1178588.0055675565},"slope":null,"std_dev":{"confidence_interval":{"confidence_level":0.95,"lower_bound":8543327.593679475,"upper_bound":16247277.405040769},"point_estimate":12528261.56700946,"standard_error":1983599.1109776252}}