{"mean":{"confidence_interval":{"confidence_level":0.95,"lower_bound":54069169.896000005,"upper_bound":54525615.12925},"point_estimate":54297450.51,"standard_error":115388.8054424487},"median":{"confidence_interval":{"confidence_level":0.95,"lower_bound":54139331.0,"upper_bound":54731899.5},"point_estimate":54537711.5,"standard_error":168276.58292498856},"median_abs_dev":{"confidence_interval":{"confidence_level":0.95,"lower_bound":826310.786730051,"upper_bound":1393168.8019663095},"point_estimate":1106170.8055615425,"standard_error":138753.53500462364},"slope":null,"std_dev":{"confidence_interval":{"confidence_level":0.95,"lower_bound":1004822.2947256297,"upper_bound":1331421.8696204675},"point_estimate":1175425.6136479443,"standard_error":83473.99649451482}}