{"mean":{"confidence_interval":{"confidence_level":0.95,"lower_bound":1696236033.8925,"upper_bound":1740977759.4},"point_estimate":1718451062.0,"standard_error":11460769.182691023},"median":{"confidence_interval":{"confidence_level":0.95,"lower_bound":1686618399.0,"upper_bound":1755688540.0},"point_estimate":1719104412.5,"standard_error":15553950.098370865},"median_abs_dev":{"confidence_interval":{"confidence_level":0.95,"lower_bound":6196588.859188557,"upper_bound":65128453.73033881},"point_estimate":51201694.61428821,"standard_error":16046306.718967766},"slope":null,"std_dev":{"confidence_interval":{"confidence_level":0.95,"lower_bound":22539515.200466383,"upper_bound":47124446.12676256},"point_estimate":38188256.38949057,"standard_error":6261637.555056373}}