{"mean":{"confidence_interval":{"confidence_level":0.95,"lower_bound":3694744685.33,"upper_bound":3701218808.233},"point_estimate":3697183085.48,"standard_error":1819500.6432651405},"median":{"confidence_interval":{"confidence_level":0.95,"lower_bound":3693466207.5,"upper_bound":3695174375.0},"point_estimate":3694242710.0,"standard_error":397186.7154662963},"median_abs_dev":{"confidence_interval":{"confidence_level":0.95,"lower_bound":2254257.677578926,"upper_bound":3884483.0958366394},"point_estimate":3161279.724276066,"standard_error":410411.6521086978},"slope":null,"std_dev":{"confidence_interval":{"confidence_level":0.95,"lower_bound":3891598.1104254867,"upper_bound":31242269.929135997},"point_estimate":18548903.24720732,"standard_error":9494606.347700305}}