{"mean":{"confidence_interval":{"confidence_level":0.95,"lower_bound":90892047.69,"upper_bound":91422131.20725},"point_estimate":91141431.65,"standard_error":132110.21177379755},"median":{"confidence_interval":{"confidence_level":0.95,"lower_bound":90737188.5,"upper_bound":91540097.5},"point_estimate":91139986.0,"standard_error":174298.2261106709},"median_abs_dev":{"confidence_interval":{"confidence_level":0.95,"lower_bound":986010.5254948139,"upper_bound":1466741.3430601358},"point_estimate":1258177.3330628872,"standard_error":122030.48431522709},"slope":null,"std_dev":{"confidence_interval":{"confidence_level":0.95,"lower_bound":1047675.2523237601,"upper_bound":1570717.2012937819},"point_estimate":1293868.2773943574,"standard_error":134526.5685250815}}