{"mean":{"confidence_interval":{"confidence_level":0.95,"lower_bound":109248488.73699999,"upper_bound":109784024.71},"point_estimate":109503964.49,"standard_error":136136.97550697142},"median":{"confidence_interval":{"confidence_level":0.95,"lower_bound":109132732.5,"upper_bound":109671817.0},"point_estimate":109446314.5,"standard_error":125921.47310777077},"median_abs_dev":{"confidence_interval":{"confidence_level":0.95,"lower_bound":720321.1972117424,"upper_bound":1292710.051649809},"point_estimate":957259.9468052387,"standard_error":156327.04156142956},"slope":null,"std_dev":{"confidence_interval":{"confidence_level":0.95,"lower_bound":935736.2811622967,"upper_bound":1818167.626781355},"point_estimate":1346357.131309351,"standard_error":240909.37406542804}}