{"mean":{"confidence_interval":{"confidence_level":0.95,"lower_bound":90448407.21,"upper_bound":90938346.59},"point_estimate":90700608.93,"standard_error":123711.59059006919},"median":{"confidence_interval":{"confidence_level":0.95,"lower_bound":90381983.5,"upper_bound":90859636.0},"point_estimate":90632511.0,"standard_error":114576.0883333113},"median_abs_dev":{"confidence_interval":{"confidence_level":0.95,"lower_bound":823771.0929751396,"upper_bound":1389385.9481334686},"point_estimate":1113233.1705361605,"standard_error":144727.95200970664},"slope":null,"std_dev":{"confidence_interval":{"confidence_level":0.95,"lower_bound":1035696.2686901445,"upper_bound":1376975.4346676508},"point_estimate":1216414.7793065484,"standard_error":89213.4670677961}}