{"mean":{"confidence_interval":{"confidence_level":0.95,"lower_bound":107004842.797,"upper_bound":107563523.15},"point_estimate":107270717.0,"standard_error":145482.35985050868},"median":{"confidence_interval":{"confidence_level":0.95,"lower_bound":107043624.0,"upper_bound":107559524.5},"point_estimate":107256152.5,"standard_error":134336.6649445662},"median_abs_dev":{"confidence_interval":{"confidence_level":0.95,"lower_bound":994709.680840373,"upper_bound":1560843.4459894896},"point_estimate":1278262.114906311,"standard_error":142574.34552012975},"slope":null,"std_dev":{"confidence_interval":{"confidence_level":0.95,"lower_bound":1167414.9069476356,"upper_bound":1716013.261393108},"point_estimate":1446064.7450891882,"standard_error":139138.68966219373}}