{"mean":{"confidence_interval":{"confidence_level":0.95,"lower_bound":71680605.58,"upper_bound":71776104.826},"point_estimate":71723628.23,"standard_error":24465.28843886649},"median":{"confidence_interval":{"confidence_level":0.95,"lower_bound":71648465.0,"upper_bound":71705032.5},"point_estimate":71684660.0,"standard_error":14304.015631025706},"median_abs_dev":{"confidence_interval":{"confidence_level":0.95,"lower_bound":98100.67505836487,"upper_bound":151073.230817914},"point_estimate":132134.49875414371,"standard_error":13580.931440489741},"slope":null,"std_dev":{"confidence_interval":{"confidence_level":0.95,"lower_bound":120560.51240067108,"upper_bound":349937.5147195298},"point_estimate":246439.58580933354,"standard_error":59712.83369360365}}