{"mean":{"confidence_interval":{"confidence_level":0.95,"lower_bound":52720494.68925,"upper_bound":53185845.31},"point_estimate":52935613.68,"standard_error":117512.89685300912},"median":{"confidence_interval":{"confidence_level":0.95,"lower_bound":52728547.0,"upper_bound":53160666.5},"point_estimate":52882481.0,"standard_error":126888.01902606088},"median_abs_dev":{"confidence_interval":{"confidence_level":0.95,"lower_bound":809452.1424293518,"upper_bound":1350334.2648267746},"point_estimate":1059860.312783718,"standard_error":148518.5211125356},"slope":null,"std_dev":{"confidence_interval":{"confidence_level":0.95,"lower_bound":966438.4330759723,"upper_bound":1372706.6305875552},"point_estimate":1165850.0648986555,"standard_error":102367.01770032951}}