{"mean":{"confidence_interval":{"confidence_level":0.95,"lower_bound":68941468.87,"upper_bound":69111830.33},"point_estimate":69025517.2,"standard_error":43541.70976578236},"median":{"confidence_interval":{"confidence_level":0.95,"lower_bound":68930769.0,"upper_bound":69077453.0},"point_estimate":68987823.5,"standard_error":43855.59391843907},"median_abs_dev":{"confidence_interval":{"confidence_level":0.95,"lower_bound":313041.3475424051,"upper_bound":540979.9739956856},"point_estimate":408763.93224298954,"standard_error":58219.222985317836},"slope":null,"std_dev":{"confidence_interval":{"confidence_level":0.95,"lower_bound":381207.2555547346,"upper_bound":487333.91947260854},"point_estimate":437710.8563203648,"standard_error":27189.11572392596}}