{"mean":{"confidence_interval":{"confidence_level":0.95,"lower_bound":25851985305.84,"upper_bound":25881927347.25},"point_estimate":25866149755.08,"standard_error":7721973.6086254995},"median":{"confidence_interval":{"confidence_level":0.95,"lower_bound":25838182523.0,"upper_bound":25855240275.0},"point_estimate":25848256567.0,"standard_error":4285367.686026797},"median_abs_dev":{"confidence_interval":{"confidence_level":0.95,"lower_bound":35647162.30033636,"upper_bound":61006160.11612415},"point_estimate":49486540.68043828,"standard_error":6396660.433772758},"slope":null,"std_dev":{"confidence_interval":{"confidence_level":0.95,"lower_bound":55576505.818494886,"upper_bound":97113019.20669438},"point_estimate":77413950.71745591,"standard_error":10657450.36329027}}