{"mean":{"confidence_interval":{"confidence_level":0.95,"lower_bound":129937896.23,"upper_bound":130407149.72},"point_estimate":130156376.42,"standard_error":119058.71008448563},"median":{"confidence_interval":{"confidence_level":0.95,"lower_bound":129768469.5,"upper_bound":130443805.0},"point_estimate":130117316.0,"standard_error":185013.22256228433},"median_abs_dev":{"confidence_interval":{"confidence_level":0.95,"lower_bound":887248.4255231924,"upper_bound":1369290.788090229},"point_estimate":1086796.9304054976,"standard_error":122804.97276042157},"slope":null,"std_dev":{"confidence_interval":{"confidence_level":0.95,"lower_bound":997994.582853826,"upper_bound":1429681.6438360477},"point_estimate":1210333.5178131703,"standard_error":109118.39992490527}}