{"mean":{"confidence_interval":{"confidence_level":0.95,"lower_bound":55480850.7,"upper_bound":55969091.17},"point_estimate":55731216.51,"standard_error":119839.1388893449},"median":{"confidence_interval":{"confidence_level":0.95,"lower_bound":55565950.0,"upper_bound":56238146.5},"point_estimate":55811452.5,"standard_error":182117.5039736634},"median_abs_dev":{"confidence_interval":{"confidence_level":0.95,"lower_bound":976769.4798588753,"upper_bound":1528792.5997585058},"point_estimate":1216672.688099742,"standard_error":145517.24566589447},"slope":null,"std_dev":{"confidence_interval":{"confidence_level":0.95,"lower_bound":1041739.4906220117,"upper_bound":1341733.6491537467},"point_estimate":1200331.6516819107,"standard_error":76400.16340085375}}