{"mean":{"confidence_interval":{"confidence_level":0.95,"lower_bound":175423729.29,"upper_bound":175740510.18},"point_estimate":175578583.06,"standard_error":81613.35639094195},"median":{"confidence_interval":{"confidence_level":0.95,"lower_bound":175247135.0,"upper_bound":175620213.5},"point_estimate":175465881.5,"standard_error":91964.4573990834},"median_abs_dev":{"confidence_interval":{"confidence_level":0.95,"lower_bound":538535.1666390896,"upper_bound":864816.1319464445},"point_estimate":746752.2482424974,"standard_error":85979.35234237142},"slope":null,"std_dev":{"confidence_interval":{"confidence_level":0.95,"lower_bound":678099.2175520513,"upper_bound":944047.4712526092},"point_estimate":817431.0908681016,"standard_error":67346.63549244672}}