{"mean":{"confidence_interval":{"confidence_level":0.95,"lower_bound":471721618.57500005,"upper_bound":488640572.4},"point_estimate":479866868.8,"standard_error":4326733.893315654},"median":{"confidence_interval":{"confidence_level":0.95,"lower_bound":467776174.0,"upper_bound":488895031.0},"point_estimate":478498095.0,"standard_error":5249515.2784027085},"median_abs_dev":{"confidence_interval":{"confidence_level":0.95,"lower_bound":3771441.5195435286,"upper_bound":23935399.390661716},"point_estimate":15330687.146025896,"standard_error":5235309.7243070435},"slope":null,"std_dev":{"confidence_interval":{"confidence_level":0.95,"lower_bound":7655030.268020848,"upper_bound":18729406.10084146},"point_estimate":14398056.043818863,"standard_error":2905867.4886383866}}