{"mean":{"confidence_interval":{"confidence_level":0.95,"lower_bound":69602613.74225,"upper_bound":70117226.49},"point_estimate":69860367.85,"standard_error":128943.35197323926},"median":{"confidence_interval":{"confidence_level":0.95,"lower_bound":69496745.5,"upper_bound":70094718.0},"point_estimate":69797343.0,"standard_error":147304.79138710094},"median_abs_dev":{"confidence_interval":{"confidence_level":0.95,"lower_bound":976097.1207708139,"upper_bound":1678136.3777071238},"point_estimate":1355132.6996415854,"standard_error":179848.42887064232},"slope":null,"std_dev":{"confidence_interval":{"confidence_level":0.95,"lower_bound":1123925.1952381777,"upper_bound":1470474.8019253975},"point_estimate":1306941.1086323666,"standard_error":88054.8235269569}}