{"mean":{"confidence_interval":{"confidence_level":0.95,"lower_bound":59284434.27,"upper_bound":59563693.965},"point_estimate":59422338.91,"standard_error":71217.04021687727},"median":{"confidence_interval":{"confidence_level":0.95,"lower_bound":59122872.0,"upper_bound":59492517.0},"point_estimate":59226005.0,"standard_error":91678.4562456421},"median_abs_dev":{"confidence_interval":{"confidence_level":0.95,"lower_bound":542632.3316663504,"upper_bound":915776.058241725},"point_estimate":637242.9663866758,"standard_error":91601.56654281552},"slope":null,"std_dev":{"confidence_interval":{"confidence_level":0.95,"lower_bound":624917.6140426745,"upper_bound":799114.3354647409},"point_estimate":718391.8993573384,"standard_error":44292.14952008756}}