{"mean":{"confidence_interval":{"confidence_level":0.95,"lower_bound":1139691154.18,"upper_bound":1142100831.77},"point_estimate":1141011061.73,"standard_error":625429.2351685237},"median":{"confidence_interval":{"confidence_level":0.95,"lower_bound":1140124470.0,"upper_bound":1142886714.0},"point_estimate":1141558277.5,"standard_error":780054.0669153937},"median_abs_dev":{"confidence_interval":{"confidence_level":0.95,"lower_bound":3394924.878028035,"upper_bound":5277890.596398711},"point_estimate":4262658.766722679,"standard_error":492925.2474267957},"slope":null,"std_dev":{"confidence_interval":{"confidence_level":0.95,"lower_bound":4158115.6177544645,"upper_bound":8154470.900836967},"point_estimate":6168516.79608125,"standard_error":1055425.4047647752}}