{"mean":{"confidence_interval":{"confidence_level":0.95,"lower_bound":53386726.56,"upper_bound":53818246.21},"point_estimate":53602663.25,"standard_error":108634.58647419883},"median":{"confidence_interval":{"confidence_level":0.95,"lower_bound":53386466.0,"upper_bound":53823030.0},"point_estimate":53634777.0,"standard_error":112746.59952511708},"median_abs_dev":{"confidence_interval":{"confidence_level":0.95,"lower_bound":818659.8295658827,"upper_bound":1327228.6855369806},"point_estimate":1063769.1876143217,"standard_error":127955.14019353103},"slope":null,"std_dev":{"confidence_interval":{"confidence_level":0.95,"lower_bound":943799.9284389198,"upper_bound":1277990.1623116075},"point_estimate":1112676.9738127133,"standard_error":84423.77031486787}}