{"mean":{"confidence_interval":{"confidence_level":0.95,"lower_bound":80722447.98,"upper_bound":81332044.57},"point_estimate":81029586.74,"standard_error":156467.93004222857},"median":{"confidence_interval":{"confidence_level":0.95,"lower_bound":80666207.0,"upper_bound":81391503.0},"point_estimate":80917059.0,"standard_error":198876.26433199964},"median_abs_dev":{"confidence_interval":{"confidence_level":0.95,"lower_bound":1212453.9498746395,"upper_bound":2047460.9267503023},"point_estimate":1522233.5774749517,"standard_error":207190.7683327629},"slope":null,"std_dev":{"confidence_interval":{"confidence_level":0.95,"lower_bound":1370936.391331162,"upper_bound":1746063.257753277},"point_estimate":1573496.7919076958,"standard_error":94824.60001385162}}