{"mean":{"confidence_interval":{"confidence_level":0.95,"lower_bound":66680414.95,"upper_bound":67204361.91},"point_estimate":66942463.53,"standard_error":135650.4412347621},"median":{"confidence_interval":{"confidence_level":0.95,"lower_bound":66443389.0,"upper_bound":67461596.5},"point_estimate":66767021.0,"standard_error":268890.2944630908},"median_abs_dev":{"confidence_interval":{"confidence_level":0.95,"lower_bound":1264367.9292529821,"upper_bound":1851888.9403223991},"point_estimate":1523398.901054263,"standard_error":148938.6936706939},"slope":null,"std_dev":{"confidence_interval":{"confidence_level":0.95,"lower_bound":1235075.4607868146,"upper_bound":1542728.9211571068},"point_estimate":1395460.9020706192,"standard_error":79295.6720851251}}