{"mean":{"confidence_interval":{"confidence_level":0.95,"lower_bound":67618360.98,"upper_bound":68102566.56},"point_estimate":67861699.31,"standard_error":123591.58047386176},"median":{"confidence_interval":{"confidence_level":0.95,"lower_bound":67524051.5,"upper_bound":68206862.5},"point_estimate":67751664.5,"standard_error":187206.20132250502},"median_abs_dev":{"confidence_interval":{"confidence_level":0.95,"lower_bound":894379.1754215956,"upper_bound":1389875.9474247694},"point_estimate":1085411.440730095,"standard_error":123458.55376724814},"slope":null,"std_dev":{"confidence_interval":{"confidence_level":0.95,"lower_bound":1018774.023255339,"upper_bound":1523995.7912807367},"point_estimate":1264880.4854921917,"standard_error":131453.49148964408}}