{"mean":{"confidence_interval":{"confidence_level":0.95,"lower_bound":182279670.59,"upper_bound":182557128.81},"point_estimate":182422356.12,"standard_error":70349.05000880153},"median":{"confidence_interval":{"confidence_level":0.95,"lower_bound":182253920.0,"upper_bound":182586814.0},"point_estimate":182402890.5,"standard_error":88962.7678847939},"median_abs_dev":{"confidence_interval":{"confidence_level":0.95,"lower_bound":575153.903388977,"upper_bound":994877.2146373987},"point_estimate":831890.5517309904,"standard_error":110864.74676472855},"slope":null,"std_dev":{"confidence_interval":{"confidence_level":0.95,"lower_bound":625654.8242672428,"upper_bound":786129.88225767},"point_estimate":712220.2313044182,"standard_error":41000.10598785984}}