{"mean":{"confidence_interval":{"confidence_level":0.95,"lower_bound":1656408564.5,"upper_bound":1667993705.9924998},"point_estimate":1662130792.3,"standard_error":2976436.8425527336},"median":{"confidence_interval":{"confidence_level":0.95,"lower_bound":1651603646.0,"upper_bound":1670119576.0},"point_estimate":1662837858.0,"standard_error":4834841.927411566},"median_abs_dev":{"confidence_interval":{"confidence_level":0.95,"lower_bound":1271817.994120717,"upper_bound":17104666.199031472},"point_estimate":13979698.313310742,"standard_error":4338564.199632809},"slope":null,"std_dev":{"confidence_interval":{"confidence_level":0.95,"lower_bound":6066213.335563431,"upper_bound":11882635.926489143},"point_estimate":9898447.92154365,"standard_error":1482740.6859213694}}