{"mean":{"confidence_interval":{"confidence_level":0.95,"lower_bound":94248538.42,"upper_bound":94737092.34},"point_estimate":94496075.31,"standard_error":125208.98675608276},"median":{"confidence_interval":{"confidence_level":0.95,"lower_bound":94285787.0,"upper_bound":94986108.0},"point_estimate":94697992.5,"standard_error":164511.1098521193},"median_abs_dev":{"confidence_interval":{"confidence_level":0.95,"lower_bound":900313.2818162441,"upper_bound":1644827.5453984737},"point_estimate":1206141.780486703,"standard_error":198714.55306804017},"slope":null,"std_dev":{"confidence_interval":{"confidence_level":0.95,"lower_bound":1057908.680022345,"upper_bound":1467148.6913344308},"point_estimate":1263114.7374321772,"standard_error":106547.96931752948}}