{"mean":{"confidence_interval":{"confidence_level":0.95,"lower_bound":28778839.26,"upper_bound":28831974.58575},"point_estimate":28804327.87,"standard_error":13441.16839532978},"median":{"confidence_interval":{"confidence_level":0.95,"lower_bound":28768845.0,"upper_bound":28818095.0},"point_estimate":28794035.5,"standard_error":13097.525989017824},"median_abs_dev":{"confidence_interval":{"confidence_level":0.95,"lower_bound":70437.58344948292,"upper_bound":117762.17460930347},"point_estimate":100119.9762225151,"standard_error":12638.227187779514},"slope":null,"std_dev":{"confidence_interval":{"confidence_level":0.95,"lower_bound":93678.25197359243,"upper_bound":181634.6581321635},"point_estimate":134397.29454112102,"standard_error":23521.72456898729}}