{"mean":{"confidence_interval":{"confidence_level":0.95,"lower_bound":1306608500.46325,"upper_bound":1309634818.19},"point_estimate":1308221477.67,"standard_error":763332.6218300797},"median":{"confidence_interval":{"confidence_level":0.95,"lower_bound":1308433059.0,"upper_bound":1310154435.0},"point_estimate":1309162282.5,"standard_error":502957.06442302116},"median_abs_dev":{"confidence_interval":{"confidence_level":0.95,"lower_bound":2497935.5853527784,"upper_bound":3967207.7265679836},"point_estimate":3289096.8919068575,"standard_error":361701.54663858336},"slope":null,"std_dev":{"confidence_interval":{"confidence_level":0.95,"lower_bound":4472715.931310708,"upper_bound":10298522.664318793},"point_estimate":7763460.953946011,"standard_error":1488362.8656001985}}