{"mean":{"confidence_interval":{"confidence_level":0.95,"lower_bound":25549399.31,"upper_bound":25588485.98},"point_estimate":25568726.06,"standard_error":10247.379979489071},"median":{"confidence_interval":{"confidence_level":0.95,"lower_bound":25548377.5,"upper_bound":25587947.0},"point_estimate":25563533.0,"standard_error":10061.062934550684},"median_abs_dev":{"confidence_interval":{"confidence_level":0.95,"lower_bound":65068.90361979618,"upper_bound":112862.92299628258},"point_estimate":85551.94888114929,"standard_error":12323.59391039164},"slope":null,"std_dev":{"confidence_interval":{"confidence_level":0.95,"lower_bound":86934.40882625632,"upper_bound":119970.49214741652},"point_estimate":103733.88038959706,"standard_error":8482.51132501765}}