{"mean":{"confidence_interval":{"confidence_level":0.95,"lower_bound":43817494.64,"upper_bound":43954226.67},"point_estimate":43885722.34,"standard_error":35051.54602999387},"median":{"confidence_interval":{"confidence_level":0.95,"lower_bound":43705426.5,"upper_bound":43965960.5},"point_estimate":43866030.5,"standard_error":61747.39063481522},"median_abs_dev":{"confidence_interval":{"confidence_level":0.95,"lower_bound":336555.38312494755,"upper_bound":558861.612278223},"point_estimate":466245.07452249527,"standard_error":56346.84522705897},"slope":null,"std_dev":{"confidence_interval":{"confidence_level":0.95,"lower_bound":319874.85980564205,"upper_bound":377969.91005405557},"point_estimate":351156.8074553687,"standard_error":14960.87347229155}}