{"mean":{"confidence_interval":{"confidence_level":0.95,"lower_bound":42219417.093499996,"upper_bound":42366624.5},"point_estimate":42292915.68,"standard_error":37474.86810660889},"median":{"confidence_interval":{"confidence_level":0.95,"lower_bound":42149263.0,"upper_bound":42434400.0},"point_estimate":42253997.5,"standard_error":74679.16835975401},"median_abs_dev":{"confidence_interval":{"confidence_level":0.95,"lower_bound":375776.4349461348,"upper_bound":546027.3002810768},"point_estimate":481286.7925554514,"standard_error":42764.953861187736},"slope":null,"std_dev":{"confidence_interval":{"confidence_level":0.95,"lower_bound":337865.2738474525,"upper_bound":412368.2612082126},"point_estimate":377541.04183467757,"standard_error":19170.556069500137}}