{"mean":{"confidence_interval":{"confidence_level":0.95,"lower_bound":63898711.37,"upper_bound":64332918.3},"point_estimate":64111179.33,"standard_error":109267.8695785155},"median":{"confidence_interval":{"confidence_level":0.95,"lower_bound":63693255.5,"upper_bound":64302971.0},"point_estimate":63992147.5,"standard_error":152453.1817711451},"median_abs_dev":{"confidence_interval":{"confidence_level":0.95,"lower_bound":948418.4618622065,"upper_bound":1579576.8379569054},"point_estimate":1309132.0702582598,"standard_error":166198.76667372682},"slope":null,"std_dev":{"confidence_interval":{"confidence_level":0.95,"lower_bound":979947.8592706241,"upper_bound":1256279.6876521788},"point_estimate":1125498.1506327132,"standard_error":70348.10816962023}}