{"mean":{"confidence_interval":{"confidence_level":0.95,"lower_bound":56801929.23,"upper_bound":56895625.5},"point_estimate":56848011.49,"standard_error":24178.760233447367},"median":{"confidence_interval":{"confidence_level":0.95,"lower_bound":56799488.0,"upper_bound":56906798.5},"point_estimate":56838547.5,"standard_error":28692.998197255198},"median_abs_dev":{"confidence_interval":{"confidence_level":0.95,"lower_bound":192047.10499048233,"upper_bound":314939.81680870056},"point_estimate":254665.45617878437,"standard_error":32772.78298162168},"slope":null,"std_dev":{"confidence_interval":{"confidence_level":0.95,"lower_bound":208108.68065772773,"upper_bound":269984.830057094},"point_estimate":241070.26043217836,"standard_error":15937.428087173019}}