{"mean":{"confidence_interval":{"confidence_level":0.95,"lower_bound":69064781.01,"upper_bound":69522089.26},"point_estimate":69293624.47,"standard_error":118583.57414360784},"median":{"confidence_interval":{"confidence_level":0.95,"lower_bound":69078733.0,"upper_bound":69568708.0},"point_estimate":69261916.0,"standard_error":131967.84588935878},"median_abs_dev":{"confidence_interval":{"confidence_level":0.95,"lower_bound":992573.2542783022,"upper_bound":1521795.4691827297},"point_estimate":1279111.6446912289,"standard_error":143165.9745156025},"slope":null,"std_dev":{"confidence_interval":{"confidence_level":0.95,"lower_bound":1017085.8201841695,"upper_bound":1377501.2205965929},"point_estimate":1199675.275160164,"standard_error":90559.94090999196}}