{"mean":{"confidence_interval":{"confidence_level":0.95,"lower_bound":8327687011.43,"upper_bound":8374048086.134},"point_estimate":8350151423.52,"standard_error":11936444.744319053},"median":{"confidence_interval":{"confidence_level":0.95,"lower_bound":8270287160.0,"upper_bound":8276810813.0},"point_estimate":8272543379.5,"standard_error":3909980.104826122},"median_abs_dev":{"confidence_interval":{"confidence_level":0.95,"lower_bound":13252176.128026843,"upper_bound":42806298.057836294},"point_estimate":24566186.37546301,"standard_error":9083475.311422959},"slope":null,"std_dev":{"confidence_interval":{"confidence_level":0.95,"lower_bound":108866762.02716385,"upper_bound":127336410.1023618},"point_estimate":120023475.5273879,"standard_error":4738570.715184325}}