{"mean":{"confidence_interval":{"confidence_level":0.95,"lower_bound":1313560653.84,"upper_bound":1314689169.09},"point_estimate":1314109715.44,"standard_error":287156.2715413729},"median":{"confidence_interval":{"confidence_level":0.95,"lower_bound":1312832024.0,"upper_bound":1313824996.0},"point_estimate":1313168311.5,"standard_error":280330.0800230935},"median_abs_dev":{"confidence_interval":{"confidence_level":0.95,"lower_bound":1600357.7004879713,"upper_bound":2669470.1784074306},"point_estimate":2075657.7543497086,"standard_error":250785.43520067478},"slope":null,"std_dev":{"confidence_interval":{"confidence_level":0.95,"lower_bound":2411877.9800533894,"upper_bound":3237987.690488533},"point_estimate":2871348.7108620713,"standard_error":212118.07531688112}}