{"mean":{"confidence_interval":{"confidence_level":0.95,"lower_bound":23000305.59,"upper_bound":23084676.44},"point_estimate":23043618.0,"standard_error":21252.95118053746},"median":{"confidence_interval":{"confidence_level":0.95,"lower_bound":23114470.5,"upper_bound":23169885.0},"point_estimate":23160000.0,"standard_error":17476.116014019168},"median_abs_dev":{"confidence_interval":{"confidence_level":0.95,"lower_bound":65745.89583277702,"upper_bound":190726.1084139347},"point_estimate":104662.6625418663,"standard_error":33990.30128578131},"slope":null,"std_dev":{"confidence_interval":{"confidence_level":0.95,"lower_bound":188838.71825143823,"upper_bound":231359.1882936997},"point_estimate":213194.01562748835,"standard_error":10919.960521440024}}