{"mean":{"confidence_interval":{"confidence_level":0.95,"lower_bound":276266255.69750005,"upper_bound":283813977.38374996},"point_estimate":279977644.05,"standard_error":1928563.697786881},"median":{"confidence_interval":{"confidence_level":0.95,"lower_bound":274246552.5,"upper_bound":286819602.0},"point_estimate":277828268.25,"standard_error":3300141.768674519},"median_abs_dev":{"confidence_interval":{"confidence_level":0.95,"lower_bound":380061.9087025523,"upper_bound":10171933.835712075},"point_estimate":7356402.355697751,"standard_error":2640051.3256098493},"slope":null,"std_dev":{"confidence_interval":{"confidence_level":0.95,"lower_bound":4064185.585321493,"upper_bound":7632648.733507235},"point_estimate":6417550.731781204,"standard_error":921013.8211809304}}