{"mean":{"confidence_interval":{"confidence_level":0.95,"lower_bound":98624849.34,"upper_bound":98693375.3005},"point_estimate":98658663.82,"standard_error":17226.805090655245},"median":{"confidence_interval":{"confidence_level":0.95,"lower_bound":98583223.5,"upper_bound":98665571.0},"point_estimate":98638851.5,"standard_error":21544.189614645547},"median_abs_dev":{"confidence_interval":{"confidence_level":0.95,"lower_bound":121493.87874305248,"upper_bound":200010.14944911003},"point_estimate":159415.82086980343,"standard_error":18631.079883886625},"slope":null,"std_dev":{"confidence_interval":{"confidence_level":0.95,"lower_bound":141055.45667301322,"upper_bound":203666.31622632052},"point_estimate":173434.43138228514,"standard_error":16123.645674039113}}