{"mean":{"confidence_interval":{"confidence_level":0.95,"lower_bound":18568609.38,"upper_bound":18623575.69},"point_estimate":18596824.16,"standard_error":13914.806408795983},"median":{"confidence_interval":{"confidence_level":0.95,"lower_bound":18550707.0,"upper_bound":18651277.0},"point_estimate":18606887.0,"standard_error":24208.08453229747},"median_abs_dev":{"confidence_interval":{"confidence_level":0.95,"lower_bound":111409.23372209072,"upper_bound":170882.99036622047},"point_estimate":140401.47620737553,"standard_error":15915.06238740426},"slope":null,"std_dev":{"confidence_interval":{"confidence_level":0.95,"lower_bound":118024.60030581591,"upper_bound":156737.54170490542},"point_estimate":138053.10429376754,"standard_error":9912.772621600358}}