{"mean":{"confidence_interval":{"confidence_level":0.95,"lower_bound":99077087.14,"upper_bound":99443885.37},"point_estimate":99250507.1,"standard_error":93971.66713815219},"median":{"confidence_interval":{"confidence_level":0.95,"lower_bound":98850449.0,"upper_bound":99048908.0},"point_estimate":98920652.5,"standard_error":50396.412039137955},"median_abs_dev":{"confidence_interval":{"confidence_level":0.95,"lower_bound":266344.63747143745,"upper_bound":513984.79367494496},"point_estimate":341659.97483432293,"standard_error":64097.58986887713},"slope":null,"std_dev":{"confidence_interval":{"confidence_level":0.95,"lower_bound":635454.4132625553,"upper_bound":1224173.6420087032},"point_estimate":945764.2580264026,"standard_error":152363.6064783076}}