{"mean":{"confidence_interval":{"confidence_level":0.95,"lower_bound":39405137.35,"upper_bound":39487535.89},"point_estimate":39446619.69,"standard_error":20900.004347941605},"median":{"confidence_interval":{"confidence_level":0.95,"lower_bound":39361779.0,"upper_bound":39487518.0},"point_estimate":39400933.5,"standard_error":32303.894368260684},"median_abs_dev":{"confidence_interval":{"confidence_level":0.95,"lower_bound":167057.88243412971,"upper_bound":291652.61902213097},"point_estimate":222520.46484947205,"standard_error":30590.907934905536},"slope":null,"std_dev":{"confidence_interval":{"confidence_level":0.95,"lower_bound":184058.32017875244,"upper_bound":233078.20369200397},"point_estimate":210424.10688650605,"standard_error":12447.267364101266}}