{"mean":{"confidence_interval":{"confidence_level":0.95,"lower_bound":137641244.87,"upper_bound":138035575.59},"point_estimate":137836250.32,"standard_error":100687.38023450607},"median":{"confidence_interval":{"confidence_level":0.95,"lower_bound":137272990.5,"upper_bound":137703137.0},"point_estimate":137485434.0,"standard_error":106899.28194401012},"median_abs_dev":{"confidence_interval":{"confidence_level":0.95,"lower_bound":481192.6474571228,"upper_bound":1168305.0878584385},"point_estimate":897512.6504659653,"standard_error":189622.42897562674},"slope":null,"std_dev":{"confidence_interval":{"confidence_level":0.95,"lower_bound":888274.6797372999,"upper_bound":1098380.5144430047},"point_estimate":1007271.8288517859,"standard_error":53331.67434385418}}