{"mean":{"confidence_interval":{"confidence_level":0.95,"lower_bound":78426888.91325,"upper_bound":79181405.51},"point_estimate":78765710.89,"standard_error":192714.01666923423},"median":{"confidence_interval":{"confidence_level":0.95,"lower_bound":78293623.0,"upper_bound":79034787.0},"point_estimate":78592351.0,"standard_error":177547.3627435405},"median_abs_dev":{"confidence_interval":{"confidence_level":0.95,"lower_bound":968151.1262118816,"upper_bound":1490147.1488445997},"point_estimate":1185788.6480480433,"standard_error":131379.12732170874},"slope":null,"std_dev":{"confidence_interval":{"confidence_level":0.95,"lower_bound":1089479.82808462,"upper_bound":2793950.3899540906},"point_estimate":1931907.0913194874,"standard_error":478951.0519534662}}