{"mean":{"confidence_interval":{"confidence_level":0.95,"lower_bound":70400241.91375001,"upper_bound":70861917.02},"point_estimate":70638102.69,"standard_error":117665.09273693744},"median":{"confidence_interval":{"confidence_level":0.95,"lower_bound":70394649.0,"upper_bound":70866394.0},"point_estimate":70654911.0,"standard_error":128706.51434023971},"median_abs_dev":{"confidence_interval":{"confidence_level":0.95,"lower_bound":896236.8731886148,"upper_bound":1472100.941964984},"point_estimate":1166592.6848888397,"standard_error":143682.63270012502},"slope":null,"std_dev":{"confidence_interval":{"confidence_level":0.95,"lower_bound":1036868.0893121767,"upper_bound":1357810.7175464097},"point_estimate":1209965.94153005,"standard_error":83367.42152014241}}