{"mean":{"confidence_interval":{"confidence_level":0.95,"lower_bound":50279640.970750004,"upper_bound":50413183.32},"point_estimate":50347488.04,"standard_error":33999.23402906239},"median":{"confidence_interval":{"confidence_level":0.95,"lower_bound":50225203.5,"upper_bound":50555547.0},"point_estimate":50402892.5,"standard_error":98132.43536173241},"median_abs_dev":{"confidence_interval":{"confidence_level":0.95,"lower_bound":284166.9717550278,"upper_bound":504724.47423934937},"point_estimate":425131.83595240116,"standard_error":58838.023600631124},"slope":null,"std_dev":{"confidence_interval":{"confidence_level":0.95,"lower_bound":311771.628700484,"upper_bound":368439.53847694834},"point_estimate":343096.7458297263,"standard_error":14428.982942320254}}