{"mean":{"confidence_interval":{"confidence_level":0.95,"lower_bound":129216427.95,"upper_bound":129658057.48},"point_estimate":129434605.41,"standard_error":112629.64735894116},"median":{"confidence_interval":{"confidence_level":0.95,"lower_bound":129160750.0,"upper_bound":129511961.0},"point_estimate":129397165.0,"standard_error":90552.82045537658},"median_abs_dev":{"confidence_interval":{"confidence_level":0.95,"lower_bound":736016.7418330908,"upper_bound":1258156.5766632557},"point_estimate":1002474.7982025146,"standard_error":127374.35255345532},"slope":null,"std_dev":{"confidence_interval":{"confidence_level":0.95,"lower_bound":923486.2166474636,"upper_bound":1305469.3159520002},"point_estimate":1118960.1071369622,"standard_error":98310.56845788061}}