{"mean":{"confidence_interval":{"confidence_level":0.95,"lower_bound":26203195.51,"upper_bound":26269509.97},"point_estimate":26235847.54,"standard_error":16804.031262545057},"median":{"confidence_interval":{"confidence_level":0.95,"lower_bound":26181637.0,"upper_bound":26267127.0},"point_estimate":26212972.5,"standard_error":20588.10351546397},"median_abs_dev":{"confidence_interval":{"confidence_level":0.95,"lower_bound":104581.86084330082,"upper_bound":158080.73959350586},"point_estimate":132262.00235188007,"standard_error":13754.136282581934},"slope":null,"std_dev":{"confidence_interval":{"confidence_level":0.95,"lower_bound":119857.80363638313,"upper_bound":217192.23664883283},"point_estimate":167883.554003051,"standard_error":25595.697719218155}}