{"mean":{"confidence_interval":{"confidence_level":0.95,"lower_bound":53399844.12,"upper_bound":53755615.45},"point_estimate":53584333.87,"standard_error":91422.72849829616},"median":{"confidence_interval":{"confidence_level":0.95,"lower_bound":53264376.5,"upper_bound":53745949.5},"point_estimate":53537990.5,"standard_error":129994.12123210599},"median_abs_dev":{"confidence_interval":{"confidence_level":0.95,"lower_bound":797442.3413425684,"upper_bound":1195162.3863816261},"point_estimate":1040995.7107186317,"standard_error":104198.30400596267},"slope":null,"std_dev":{"confidence_interval":{"confidence_level":0.95,"lower_bound":815168.0939429896,"upper_bound":1054673.461842342},"point_estimate":937931.9251341277,"standard_error":61140.73611204523}}