{"mean":{"confidence_interval":{"confidence_level":0.95,"lower_bound":109434559.16,"upper_bound":109924776.75},"point_estimate":109668577.55,"standard_error":126041.25026795686},"median":{"confidence_interval":{"confidence_level":0.95,"lower_bound":109314097.5,"upper_bound":109881431.0},"point_estimate":109587238.0,"standard_error":145400.4173551329},"median_abs_dev":{"confidence_interval":{"confidence_level":0.95,"lower_bound":962385.2949142456,"upper_bound":1495240.1206766802},"point_estimate":1278278.4235060215,"standard_error":132038.47613411167},"slope":null,"std_dev":{"confidence_interval":{"confidence_level":0.95,"lower_bound":1030629.8646484,"upper_bound":1470136.9572909195},"point_estimate":1248497.493276314,"standard_error":111102.05608015366}}