{"mean":{"confidence_interval":{"confidence_level":0.95,"lower_bound":811778517.7,"upper_bound":819731070.8},"point_estimate":815472231.2,"standard_error":2041294.7608783352},"median":{"confidence_interval":{"confidence_level":0.95,"lower_bound":810552176.5,"upper_bound":820041751.0},"point_estimate":812535435.0,"standard_error":2836301.4598408327},"median_abs_dev":{"confidence_interval":{"confidence_level":0.95,"lower_bound":554952.7374476194,"upper_bound":11851421.603295207},"point_estimate":5823680.12470901,"standard_error":2825898.973793001},"slope":null,"std_dev":{"confidence_interval":{"confidence_level":0.95,"lower_bound":3285412.995934537,"upper_bound":8944198.09632479},"point_estimate":6788793.3605272155,"standard_error":1552813.9328099329}}