{"mean":{"confidence_interval":{"confidence_level":0.95,"lower_bound":16492687.023,"upper_bound":16584665.127500001},"point_estimate":16538463.15,"standard_error":23534.430207402726},"median":{"confidence_interval":{"confidence_level":0.95,"lower_bound":16351584.0,"upper_bound":16689760.5},"point_estimate":16598966.5,"standard_error":98950.47354529377},"median_abs_dev":{"confidence_interval":{"confidence_level":0.95,"lower_bound":166366.9908463955,"upper_bound":379890.297755599},"point_estimate":350075.2122849226,"standard_error":63707.66141677017},"slope":null,"std_dev":{"confidence_interval":{"confidence_level":0.95,"lower_bound":222440.1186667828,"upper_bound":248250.3263229453},"point_estimate":237051.09856884115,"standard_error":6604.910777037593}}