{"mean":{"confidence_interval":{"confidence_level":0.95,"lower_bound":3013246414.8,"upper_bound":3085072397.95},"point_estimate":3052148171.5,"standard_error":18508630.54526441},"median":{"confidence_interval":{"confidence_level":0.95,"lower_bound":3015190025.0,"upper_bound":3097237543.0},"point_estimate":3064780916.5,"standard_error":22564574.45810839},"median_abs_dev":{"confidence_interval":{"confidence_level":0.95,"lower_bound":10888500.348490477,"upper_bound":95633212.83287108},"point_estimate":50739319.12569702,"standard_error":21076143.02428972},"slope":null,"std_dev":{"confidence_interval":{"confidence_level":0.95,"lower_bound":27768616.461039208,"upper_bound":84065526.27607977},"point_estimate":61825484.44455841,"standard_error":15976974.757223831}}