{"mean":{"confidence_interval":{"confidence_level":0.95,"lower_bound":1074318373.5,"upper_bound":1075682384.37},"point_estimate":1074935320.51,"standard_error":349534.94378031354},"median":{"confidence_interval":{"confidence_level":0.95,"lower_bound":1073580949.0,"upper_bound":1075195528.0},"point_estimate":1074674445.5,"standard_error":405909.06381993723},"median_abs_dev":{"confidence_interval":{"confidence_level":0.95,"lower_bound":1919403.5779237747,"upper_bound":3132836.785081029},"point_estimate":2341940.8639222383,"standard_error":312702.78372860205},"slope":null,"std_dev":{"confidence_interval":{"confidence_level":0.95,"lower_bound":2290988.7120278673,"upper_bound":4858928.20274843},"point_estimate":3486873.4644989255,"standard_error":726623.2526513123}}