{"mean":{"confidence_interval":{"confidence_level":0.95,"lower_bound":79729574.14,"upper_bound":80476388.54},"point_estimate":80074526.12,"standard_error":186875.0710355183},"median":{"confidence_interval":{"confidence_level":0.95,"lower_bound":79371576.5,"upper_bound":80168476.5},"point_estimate":79792938.5,"standard_error":180271.01066720678},"median_abs_dev":{"confidence_interval":{"confidence_level":0.95,"lower_bound":1032033.3938777447,"upper_bound":1645417.6201879978},"point_estimate":1252811.0624581575,"standard_error":150828.86893009878},"slope":null,"std_dev":{"confidence_interval":{"confidence_level":0.95,"lower_bound":1285183.5328481083,"upper_bound":2489541.660081662},"point_estimate":1843989.6145092756,"standard_error":334968.6757750858}}