{"mean":{"confidence_interval":{"confidence_level":0.95,"lower_bound":607072704.21,"upper_bound":607554826.42},"point_estimate":607312497.03,"standard_error":123456.4741952077},"median":{"confidence_interval":{"confidence_level":0.95,"lower_bound":606953067.0,"upper_bound":607443590.0},"point_estimate":607160179.0,"standard_error":126473.40642595505},"median_abs_dev":{"confidence_interval":{"confidence_level":0.95,"lower_bound":711654.6590656042,"upper_bound":1382626.774853468},"point_estimate":1029149.7369289398,"standard_error":165410.62161375553},"slope":null,"std_dev":{"confidence_interval":{"confidence_level":0.95,"lower_bound":1067447.7377279403,"upper_bound":1436734.1955758408},"point_estimate":1263202.8433871989,"standard_error":94673.16664878937}}