{"mean":{"confidence_interval":{"confidence_level":0.95,"lower_bound":56763078.73,"upper_bound":56838763.04},"point_estimate":56801336.52,"standard_error":19053.443064233514},"median":{"confidence_interval":{"confidence_level":0.95,"lower_bound":56758117.5,"upper_bound":56856708.0},"point_estimate":56804183.0,"standard_error":25581.137408442974},"median_abs_dev":{"confidence_interval":{"confidence_level":0.95,"lower_bound":147103.5693883896,"upper_bound":259808.5954874754},"point_estimate":203485.36378741264,"standard_error":27813.11514193885},"slope":null,"std_dev":{"confidence_interval":{"confidence_level":0.95,"lower_bound":167918.422293786,"upper_bound":212749.30253254116},"point_estimate":191718.9735931889,"standard_error":11603.588840046017}}