{"mean":{"confidence_interval":{"confidence_level":0.95,"lower_bound":53752105.73,"upper_bound":54246079.24},"point_estimate":53992686.07,"standard_error":128587.85692712081},"median":{"confidence_interval":{"confidence_level":0.95,"lower_bound":53703612.0,"upper_bound":54465408.5},"point_estimate":54080081.0,"standard_error":211369.64622430084},"median_abs_dev":{"confidence_interval":{"confidence_level":0.95,"lower_bound":984182.4797272682,"upper_bound":1650929.185590148},"point_estimate":1241709.3538552523,"standard_error":167854.52785701034},"slope":null,"std_dev":{"confidence_interval":{"confidence_level":0.95,"lower_bound":1099854.812137695,"upper_bound":1398776.1164418987},"point_estimate":1263853.1955031327,"standard_error":74654.18387837606}}