{"mean":{"confidence_interval":{"confidence_level":0.95,"lower_bound":137768601.86,"upper_bound":138162289.03},"point_estimate":137960601.37,"standard_error":100804.34795215624},"median":{"confidence_interval":{"confidence_level":0.95,"lower_bound":137538006.0,"upper_bound":137772011.0},"point_estimate":137596892.5,"standard_error":60924.12893837973},"median_abs_dev":{"confidence_interval":{"confidence_level":0.95,"lower_bound":567425.1097261906,"upper_bound":1411616.7934387922},"point_estimate":1022536.5997463465,"standard_error":246950.14448194433},"slope":null,"std_dev":{"confidence_interval":{"confidence_level":0.95,"lower_bound":905418.501869834,"upper_bound":1106782.6486159367},"point_estimate":1017807.6458943818,"standard_error":51314.841875093865}}