{"mean":{"confidence_interval":{"confidence_level":0.95,"lower_bound":1873241885.47,"upper_bound":1874369280.03},"point_estimate":1873809396.57,"standard_error":286951.2206495496},"median":{"confidence_interval":{"confidence_level":0.95,"lower_bound":1872999039.0,"upper_bound":1874484271.0},"point_estimate":1873622420.5,"standard_error":357394.81903832953},"median_abs_dev":{"confidence_interval":{"confidence_level":0.95,"lower_bound":2373147.369468212,"upper_bound":3722546.8550115824},"point_estimate":3117225.0073581934,"standard_error":331352.5616242769},"slope":null,"std_dev":{"confidence_interval":{"confidence_level":0.95,"lower_bound":2524444.393941404,"upper_bound":3240850.9806821262},"point_estimate":2901986.1583332657,"standard_error":184723.09421371558}}