{"mean":{"confidence_interval":{"confidence_level":0.95,"lower_bound":547579862.8,"upper_bound":577948809.5799999},"point_estimate":562964569.4,"standard_error":7778727.55030045},"median":{"confidence_interval":{"confidence_level":0.95,"lower_bound":541188920.0,"upper_bound":582773361.5},"point_estimate":565106101.0,"standard_error":10019648.77895041},"median_abs_dev":{"confidence_interval":{"confidence_level":0.95,"lower_bound":4297701.499700546,"upper_bound":49143065.26193619},"point_estimate":29736325.312274694,"standard_error":11765387.23195375},"slope":null,"std_dev":{"confidence_interval":{"confidence_level":0.95,"lower_bound":14694435.150820892,"upper_bound":31871922.58389137},"point_estimate":25906612.80386713,"standard_error":4348651.687821874}}