{"mean":{"confidence_interval":{"confidence_level":0.95,"lower_bound":45198515.72,"upper_bound":45275376.03},"point_estimate":45237026.22,"standard_error":19672.294110183717},"median":{"confidence_interval":{"confidence_level":0.95,"lower_bound":45162317.0,"upper_bound":45303411.0},"point_estimate":45253710.5,"standard_error":42199.74059168712},"median_abs_dev":{"confidence_interval":{"confidence_level":0.95,"lower_bound":187932.89006352425,"upper_bound":287796.37649059296},"point_estimate":248918.89868080616,"standard_error":26587.163504954107},"slope":null,"std_dev":{"confidence_interval":{"confidence_level":0.95,"lower_bound":177445.69396448976,"upper_bound":214216.60917693155},"point_estimate":196936.46989498567,"standard_error":9378.459039730256}}