{"mean":{"confidence_interval":{"confidence_level":0.95,"lower_bound":1957208533.28,"upper_bound":1959884356.52},"point_estimate":1958619939.92,"standard_error":664812.4709366938},"median":{"confidence_interval":{"confidence_level":0.95,"lower_bound":1958692112.5,"upper_bound":1960322200.5},"point_estimate":1959342564.0,"standard_error":388724.31081293063},"median_abs_dev":{"confidence_interval":{"confidence_level":0.95,"lower_bound":2436611.543941498,"upper_bound":3947452.0819187164},"point_estimate":3282021.9248324633,"standard_error":376693.7616978565},"slope":null,"std_dev":{"confidence_interval":{"confidence_level":0.95,"lower_bound":3471453.48688834,"upper_bound":9426112.271694293},"point_estimate":6846724.797797841,"standard_error":1539597.3604898825}}