{"mean":{"confidence_interval":{"confidence_level":0.95,"lower_bound":1215047539.3,"upper_bound":1221804399.9},"point_estimate":1218300065.5,"standard_error":1712444.338702632},"median":{"confidence_interval":{"confidence_level":0.95,"lower_bound":1213124346.0,"upper_bound":1222537003.0},"point_estimate":1217697151.5,"standard_error":2717452.0790879014},"median_abs_dev":{"confidence_interval":{"confidence_level":0.95,"lower_bound":975965.9106731415,"upper_bound":10008901.95350647},"point_estimate":6977602.510222793,"standard_error":2207395.8414276824},"slope":null,"std_dev":{"confidence_interval":{"confidence_level":0.95,"lower_bound":3278897.646548372,"upper_bound":7210287.8160790885},"point_estimate":5689944.32374581,"standard_error":1044506.0583658469}}