{"mean":{"confidence_interval":{"confidence_level":0.95,"lower_bound":67695943.89,"upper_bound":68140005.13},"point_estimate":67913138.1,"standard_error":113426.07514441424},"median":{"confidence_interval":{"confidence_level":0.95,"lower_bound":67672010.0,"upper_bound":68160035.0},"point_estimate":67832715.0,"standard_error":128892.11636955925},"median_abs_dev":{"confidence_interval":{"confidence_level":0.95,"lower_bound":907887.1437817812,"upper_bound":1452297.854116559},"point_estimate":1162771.2834566832,"standard_error":137135.8341583691},"slope":null,"std_dev":{"confidence_interval":{"confidence_level":0.95,"lower_bound":968501.7192054436,"upper_bound":1339014.6899814657},"point_estimate":1157440.4563216593,"standard_error":95930.30240969993}}