{"mean":{"confidence_interval":{"confidence_level":0.95,"lower_bound":371796886.295,"upper_bound":382767802.1},"point_estimate":377010683.8,"standard_error":2803240.316317066},"median":{"confidence_interval":{"confidence_level":0.95,"lower_bound":371096060.0,"upper_bound":382913498.0},"point_estimate":374607581.0,"standard_error":3554067.2886883845},"median_abs_dev":{"confidence_interval":{"confidence_level":0.95,"lower_bound":1291018.4050798416,"upper_bound":15799203.563708067},"point_estimate":8819096.942129731,"standard_error":3646959.6093107015},"slope":null,"std_dev":{"confidence_interval":{"confidence_level":0.95,"lower_bound":4572747.527423188,"upper_bound":12592562.914475031},"point_estimate":9346141.750346169,"standard_error":2154887.5238946774}}