{"mean":{"confidence_interval":{"confidence_level":0.95,"lower_bound":506595196.445,"upper_bound":507821760.2},"point_estimate":507259091.0,"standard_error":315246.32416422357},"median":{"confidence_interval":{"confidence_level":0.95,"lower_bound":506724105.0,"upper_bound":508160117.0},"point_estimate":507376032.0,"standard_error":382884.69933104084},"median_abs_dev":{"confidence_interval":{"confidence_level":0.95,"lower_bound":97258.55827331543,"upper_bound":1667866.4076894522},"point_estimate":1064515.6767010689,"standard_error":408373.5206496971},"slope":null,"std_dev":{"confidence_interval":{"confidence_level":0.95,"lower_bound":457062.48026713385,"upper_bound":1426272.0900129392},"point_estimate":1049624.7251970053,"standard_error":270066.07721075485}}