{"mean":{"confidence_interval":{"confidence_level":0.95,"lower_bound":73743876.22,"upper_bound":74285645.28},"point_estimate":74000631.42,"standard_error":140694.47830487837},"median":{"confidence_interval":{"confidence_level":0.95,"lower_bound":73690162.0,"upper_bound":74236290.0},"point_estimate":73831201.5,"standard_error":121964.29391300541},"median_abs_dev":{"confidence_interval":{"confidence_level":0.95,"lower_bound":954494.8978543282,"upper_bound":1516492.9503768682},"point_estimate":1230188.8107597828,"standard_error":148680.58055773535},"slope":null,"std_dev":{"confidence_interval":{"confidence_level":0.95,"lower_bound":1096288.013888486,"upper_bound":1677688.7511190325},"point_estimate":1371808.128518481,"standard_error":150962.8984063398}}