{"mean":{"confidence_interval":{"confidence_level":0.95,"lower_bound":154365744.05,"upper_bound":154860919.66},"point_estimate":154607872.67,"standard_error":122852.17577479601},"median":{"confidence_interval":{"confidence_level":0.95,"lower_bound":154284705.0,"upper_bound":154681981.0},"point_estimate":154526659.5,"standard_error":97621.26766564586},"median_abs_dev":{"confidence_interval":{"confidence_level":0.95,"lower_bound":859581.0714393854,"upper_bound":1391689.9084925652},"point_estimate":1074479.4898241758,"standard_error":137826.0838104578},"slope":null,"std_dev":{"confidence_interval":{"confidence_level":0.95,"lower_bound":1027222.8492770679,"upper_bound":1443103.892132483},"point_estimate":1247764.2752954,"standard_error":109171.975484674}}