{"mean":{"confidence_interval":{"confidence_level":0.95,"lower_bound":102915966.52,"upper_bound":103033401.07},"point_estimate":102974274.23,"standard_error":29816.96839345607},"median":{"confidence_interval":{"confidence_level":0.95,"lower_bound":102893531.5,"upper_bound":102993920.0},"point_estimate":102945456.0,"standard_error":24524.044489083673},"median_abs_dev":{"confidence_interval":{"confidence_level":0.95,"lower_bound":180820.85798978806,"upper_bound":308111.7026299238},"point_estimate":246930.73211610317,"standard_error":32635.43807749729},"slope":null,"std_dev":{"confidence_interval":{"confidence_level":0.95,"lower_bound":246536.41266259082,"upper_bound":338687.9166627225},"point_estimate":295993.44687688217,"standard_error":23441.550931206013}}