{"mean":{"confidence_interval":{"confidence_level":0.95,"lower_bound":5693581413.98,"upper_bound":5809103943.73},"point_estimate":5732687537.68,"standard_error":38031189.17708054},"median":{"confidence_interval":{"confidence_level":0.95,"lower_bound":5694500968.0,"upper_bound":5697241058.0},"point_estimate":5695685377.0,"standard_error":740961.5492124482},"median_abs_dev":{"confidence_interval":{"confidence_level":0.95,"lower_bound":4436787.168431282,"upper_bound":7917828.124630451},"point_estimate":6435928.6794394255,"standard_error":921849.043617828},"slope":null,"std_dev":{"confidence_interval":{"confidence_level":0.95,"lower_bound":7694176.687471205,"upper_bound":643690836.1850281},"point_estimate":375362077.1673678,"standard_error":233601467.60427657}}