{"mean":{"confidence_interval":{"confidence_level":0.95,"lower_bound":70047186.06,"upper_bound":70561441.85},"point_estimate":70290178.56,"standard_error":132669.6451623296},"median":{"confidence_interval":{"confidence_level":0.95,"lower_bound":69873006.0,"upper_bound":70608718.0},"point_estimate":70222157.0,"standard_error":177690.94455112636},"median_abs_dev":{"confidence_interval":{"confidence_level":0.95,"lower_bound":1017206.652840972,"upper_bound":1576401.8501132727},"point_estimate":1250322.518402338,"standard_error":136489.57955391522},"slope":null,"std_dev":{"confidence_interval":{"confidence_level":0.95,"lower_bound":1121747.8277803469,"upper_bound":1512621.7336181295},"point_estimate":1330461.6465340394,"standard_error":98947.30342563687}}