{"mean":{"confidence_interval":{"confidence_level":0.95,"lower_bound":48205957.11125,"upper_bound":48306098.44},"point_estimate":48256084.58,"standard_error":25967.007563642353},"median":{"confidence_interval":{"confidence_level":0.95,"lower_bound":48158365.0,"upper_bound":48337453.0},"point_estimate":48237635.0,"standard_error":48847.00836917987},"median_abs_dev":{"confidence_interval":{"confidence_level":0.95,"lower_bound":247703.16670238972,"upper_bound":381040.05403518677},"point_estimate":324553.7363380194,"standard_error":35601.537845928055},"slope":null,"std_dev":{"confidence_interval":{"confidence_level":0.95,"lower_bound":229651.96300811626,"upper_bound":277661.7711185941},"point_estimate":255425.3576056286,"standard_error":12243.803241619697}}