{"mean":{"confidence_interval":{"confidence_level":0.95,"lower_bound":149570869.01,"upper_bound":150063303.99},"point_estimate":149817144.42,"standard_error":125536.99453053833},"median":{"confidence_interval":{"confidence_level":0.95,"lower_bound":149285006.0,"upper_bound":149983937.0},"point_estimate":149560511.0,"standard_error":173189.26268708898},"median_abs_dev":{"confidence_interval":{"confidence_level":0.95,"lower_bound":966577.3463398218,"upper_bound":1466653.128361702},"point_estimate":1197888.887733221,"standard_error":133409.97212844066},"slope":null,"std_dev":{"confidence_interval":{"confidence_level":0.95,"lower_bound":1083986.262101447,"upper_bound":1429066.3479742534},"point_estimate":1270084.332959006,"standard_error":88955.94698099588}}