{"mean":{"confidence_interval":{"confidence_level":0.95,"lower_bound":69884787.37,"upper_bound":70337012.52},"point_estimate":70102826.39,"standard_error":114613.90529775085},"median":{"confidence_interval":{"confidence_level":0.95,"lower_bound":69854745.0,"upper_bound":70300520.0},"point_estimate":70148327.5,"standard_error":101791.53938056275},"median_abs_dev":{"confidence_interval":{"confidence_level":0.95,"lower_bound":737235.4390114546,"upper_bound":1371469.4687515497},"point_estimate":1112026.334157586,"standard_error":172653.23709901396},"slope":null,"std_dev":{"confidence_interval":{"confidence_level":0.95,"lower_bound":978203.1111850399,"upper_bound":1323273.816688317},"point_estimate":1155095.4112296416,"standard_error":88116.24310813629}}