{"mean":{"confidence_interval":{"confidence_level":0.95,"lower_bound":95130577.17875001,"upper_bound":95562341.64},"point_estimate":95344557.43,"standard_error":110123.86130332055},"median":{"confidence_interval":{"confidence_level":0.95,"lower_bound":95097726.0,"upper_bound":95499094.5},"point_estimate":95287217.0,"standard_error":109770.34521671159},"median_abs_dev":{"confidence_interval":{"confidence_level":0.95,"lower_bound":690749.2581367493,"upper_bound":1237947.9977220297},"point_estimate":916005.1199376583,"standard_error":137044.4616008127},"slope":null,"std_dev":{"confidence_interval":{"confidence_level":0.95,"lower_bound":913793.5502468252,"upper_bound":1350056.9885792094},"point_estimate":1139348.2294566154,"standard_error":112622.58562048238}}