{"mean":{"confidence_interval":{"confidence_level":0.95,"lower_bound":272249059.95,"upper_bound":273756818.9},"point_estimate":272908770.95,"standard_error":390947.6608575277},"median":{"confidence_interval":{"confidence_level":0.95,"lower_bound":272166169.0,"upper_bound":273543769.75},"point_estimate":272354157.75,"standard_error":323119.6925689984},"median_abs_dev":{"confidence_interval":{"confidence_level":0.95,"lower_bound":78099.66011345387,"upper_bound":1675453.242404759},"point_estimate":366977.59328484535,"standard_error":391208.17251866485},"slope":null,"std_dev":{"confidence_interval":{"confidence_level":0.95,"lower_bound":269206.0898543986,"upper_bound":1795962.0246452019},"point_estimate":1310709.8589029799,"standard_error":407405.71579788986}}