{"mean":{"confidence_interval":{"confidence_level":0.95,"lower_bound":26104995880.27,"upper_bound":26150663933.1},"point_estimate":26126309164.08,"standard_error":11919868.557885714},"median":{"confidence_interval":{"confidence_level":0.95,"lower_bound":26070067585.0,"upper_bound":26099245076.0},"point_estimate":26079710257.0,"standard_error":7485016.386564083},"median_abs_dev":{"confidence_interval":{"confidence_level":0.95,"lower_bound":39444929.60631251,"upper_bound":75268588.02051544},"point_estimate":55329173.62191081,"standard_error":8894567.933015365},"slope":null,"std_dev":{"confidence_interval":{"confidence_level":0.95,"lower_bound":92646384.39789766,"upper_bound":139965150.73591724},"point_estimate":118469927.60528813,"standard_error":12155948.729396047}}