{"mean":{"confidence_interval":{"confidence_level":0.95,"lower_bound":817493895.535,"upper_bound":822841453.5},"point_estimate":820126690.9,"standard_error":1378572.215070766},"median":{"confidence_interval":{"confidence_level":0.95,"lower_bound":816278370.5,"upper_bound":824593669.5},"point_estimate":818980798.0,"standard_error":2714223.5089964853},"median_abs_dev":{"confidence_interval":{"confidence_level":0.95,"lower_bound":770560.5799198151,"upper_bound":7018190.9084022045},"point_estimate":5993989.348885417,"standard_error":1815950.78008058},"slope":null,"std_dev":{"confidence_interval":{"confidence_level":0.95,"lower_bound":2999944.8099545254,"upper_bound":5340017.377423036},"point_estimate":4595905.123905203,"standard_error":594310.6805604785}}