{"mean":{"confidence_interval":{"confidence_level":0.95,"lower_bound":242372226.85,"upper_bound":242657492.79},"point_estimate":242514203.64,"standard_error":72735.31000635166},"median":{"confidence_interval":{"confidence_level":0.95,"lower_bound":242376121.5,"upper_bound":242709149.0},"point_estimate":242585671.5,"standard_error":85621.73985181544},"median_abs_dev":{"confidence_interval":{"confidence_level":0.95,"lower_bound":487468.49314570427,"upper_bound":955197.6502418518},"point_estimate":663046.8776285648,"standard_error":124273.21405607967},"slope":null,"std_dev":{"confidence_interval":{"confidence_level":0.95,"lower_bound":633956.0618000907,"upper_bound":822762.768270558},"point_estimate":732059.7552181869,"standard_error":47746.09025863722}}