{"mean":{"confidence_interval":{"confidence_level":0.95,"lower_bound":149734541.8725,"upper_bound":149900388.41},"point_estimate":149817466.83,"standard_error":42457.86130580949},"median":{"confidence_interval":{"confidence_level":0.95,"lower_bound":149689041.0,"upper_bound":149926553.5},"point_estimate":149782414.5,"standard_error":55287.80223711326},"median_abs_dev":{"confidence_interval":{"confidence_level":0.95,"lower_bound":319584.8025262356,"upper_bound":529437.9332005978},"point_estimate":409971.50992155075,"standard_error":53803.52334730283},"slope":null,"std_dev":{"confidence_interval":{"confidence_level":0.95,"lower_bound":369790.34616055153,"upper_bound":486503.96747364796},"point_estimate":431157.92035774223,"standard_error":29810.300345361185}}