{"mean":{"confidence_interval":{"confidence_level":0.95,"lower_bound":50768185.35,"upper_bound":51241191.761999995},"point_estimate":51002561.35,"standard_error":120417.14417331318},"median":{"confidence_interval":{"confidence_level":0.95,"lower_bound":50671422.0,"upper_bound":51269040.5},"point_estimate":50909884.5,"standard_error":131514.61683980096},"median_abs_dev":{"confidence_interval":{"confidence_level":0.95,"lower_bound":889267.1707123518,"upper_bound":1557543.9197480679},"point_estimate":1207577.6785612106,"standard_error":167589.9460655134},"slope":null,"std_dev":{"confidence_interval":{"confidence_level":0.95,"lower_bound":1016119.9706826494,"upper_bound":1355007.362368086},"point_estimate":1194406.2439516438,"standard_error":87058.1759022298}}