{"mean":{"confidence_interval":{"confidence_level":0.95,"lower_bound":51034398.852,"upper_bound":51495612.33},"point_estimate":51267982.8,"standard_error":118841.97351920004},"median":{"confidence_interval":{"confidence_level":0.95,"lower_bound":50911068.0,"upper_bound":51538940.5},"point_estimate":51211044.0,"standard_error":142258.44835894727},"median_abs_dev":{"confidence_interval":{"confidence_level":0.95,"lower_bound":798941.9912159443,"upper_bound":1456563.2942408323},"point_estimate":1046614.0233188868,"standard_error":165600.11919241576},"slope":null,"std_dev":{"confidence_interval":{"confidence_level":0.95,"lower_bound":1014148.8281758646,"upper_bound":1347985.7205688918},"point_estimate":1191152.5610991358,"standard_error":85621.94714781859}}