{"mean":{"confidence_interval":{"confidence_level":0.95,"lower_bound":271522060.25,"upper_bound":272870907.6},"point_estimate":272126261.65,"standard_error":346376.8327909404},"median":{"confidence_interval":{"confidence_level":0.95,"lower_bound":271317746.0,"upper_bound":272621114.25},"point_estimate":272071660.75,"standard_error":354031.36280498264},"median_abs_dev":{"confidence_interval":{"confidence_level":0.95,"lower_bound":167895.1807692647,"upper_bound":1625120.4558983445},"point_estimate":1037348.5147833824,"standard_error":383277.82167014416},"slope":null,"std_dev":{"confidence_interval":{"confidence_level":0.95,"lower_bound":475536.9084874882,"upper_bound":1611731.4006587665},"point_estimate":1152428.3615687366,"standard_error":331589.3532513551}}