{"mean":{"confidence_interval":{"confidence_level":0.95,"lower_bound":23428387.06,"upper_bound":23542924.27},"point_estimate":23478736.26,"standard_error":29471.186330527504},"median":{"confidence_interval":{"confidence_level":0.95,"lower_bound":23375716.0,"upper_bound":23547564.0},"point_estimate":23447095.0,"standard_error":48117.0658658949},"median_abs_dev":{"confidence_interval":{"confidence_level":0.95,"lower_bound":174271.4726060629,"upper_bound":267948.8106429577},"point_estimate":250311.8013560772,"standard_error":25681.084762209848},"slope":null,"std_dev":{"confidence_interval":{"confidence_level":0.95,"lower_bound":163856.00313205377,"upper_bound":452354.61796255555},"point_estimate":297275.24545052374,"standard_error":94144.34151291034}}