{"mean":{"confidence_interval":{"confidence_level":0.95,"lower_bound":72396701.56,"upper_bound":72930985.6},"point_estimate":72662675.27,"standard_error":135407.98104310333},"median":{"confidence_interval":{"confidence_level":0.95,"lower_bound":71916929.0,"upper_bound":73085583.0},"point_estimate":72338912.5,"standard_error":274402.902975782},"median_abs_dev":{"confidence_interval":{"confidence_level":0.95,"lower_bound":1218215.3333723545,"upper_bound":2127828.9648234844},"point_estimate":1705729.7871172428,"standard_error":237336.73089364154},"slope":null,"std_dev":{"confidence_interval":{"confidence_level":0.95,"lower_bound":1249179.7673368864,"upper_bound":1458400.8084718003},"point_estimate":1365661.9679861024,"standard_error":53301.675843369296}}