{"mean":{"confidence_interval":{"confidence_level":0.95,"lower_bound":79635650.66,"upper_bound":80136806.09475},"point_estimate":79895961.76,"standard_error":128334.3287130798},"median":{"confidence_interval":{"confidence_level":0.95,"lower_bound":79534403.0,"upper_bound":80105646.0},"point_estimate":79810385.0,"standard_error":154879.17923268053},"median_abs_dev":{"confidence_interval":{"confidence_level":0.95,"lower_bound":914460.9920650724,"upper_bound":1520759.8731011152},"point_estimate":1284095.4045027494,"standard_error":156490.42733785996},"slope":null,"std_dev":{"confidence_interval":{"confidence_level":0.95,"lower_bound":1086885.944277761,"upper_bound":1448808.2446501623},"point_estimate":1277567.1869458018,"standard_error":92020.17067555954}}