{"mean":{"confidence_interval":{"confidence_level":0.95,"lower_bound":56259186.59,"upper_bound":56659469.08},"point_estimate":56454618.84,"standard_error":102346.01084085411},"median":{"confidence_interval":{"confidence_level":0.95,"lower_bound":56117621.0,"upper_bound":56746468.0},"point_estimate":56452372.5,"standard_error":137192.3397256983},"median_abs_dev":{"confidence_interval":{"confidence_level":0.95,"lower_bound":893322.8229403496,"upper_bound":1381462.1925741434},"point_estimate":1172268.8188880682,"standard_error":118638.03972571492},"slope":null,"std_dev":{"confidence_interval":{"confidence_level":0.95,"lower_bound":890084.4302248323,"upper_bound":1165087.7658486583},"point_estimate":1035942.7258607262,"standard_error":68423.21227016365}}