{"mean":{"confidence_interval":{"confidence_level":0.95,"lower_bound":2741896565.6270003,"upper_bound":2746508078.41},"point_estimate":2743981677.97,"standard_error":1184488.183373828},"median":{"confidence_interval":{"confidence_level":0.95,"lower_bound":2741878692.0,"upper_bound":2743531243.5},"point_estimate":2742809808.5,"standard_error":483066.3949440866},"median_abs_dev":{"confidence_interval":{"confidence_level":0.95,"lower_bound":3144567.857372761,"upper_bound":5247509.899038076},"point_estimate":4313219.132325053,"standard_error":566030.7953058318},"slope":null,"std_dev":{"confidence_interval":{"confidence_level":0.95,"lower_bound":4350148.409225012,"upper_bound":18439592.777540974},"point_estimate":12102615.573005088,"standard_error":3739271.365686545}}