{"mean":{"confidence_interval":{"confidence_level":0.95,"lower_bound":59912897.83,"upper_bound":60347486.55},"point_estimate":60122217.75,"standard_error":111512.97393235652},"median":{"confidence_interval":{"confidence_level":0.95,"lower_bound":59817058.5,"upper_bound":60412184.0},"point_estimate":60121840.5,"standard_error":158752.8419931759},"median_abs_dev":{"confidence_interval":{"confidence_level":0.95,"lower_bound":893408.8137388229,"upper_bound":1336933.7849646807},"point_estimate":1098717.7754938602,"standard_error":120578.22652713842},"slope":null,"std_dev":{"confidence_interval":{"confidence_level":0.95,"lower_bound":954189.46714504,"upper_bound":1296943.1181018571},"point_estimate":1139325.9013206842,"standard_error":85813.28816932358}}