{"mean":{"confidence_interval":{"confidence_level":0.95,"lower_bound":205605794.82,"upper_bound":205874187.52},"point_estimate":205733973.8,"standard_error":68467.29137433124},"median":{"confidence_interval":{"confidence_level":0.95,"lower_bound":205508772.0,"upper_bound":205783688.0},"point_estimate":205675557.5,"standard_error":74850.73466966217},"median_abs_dev":{"confidence_interval":{"confidence_level":0.95,"lower_bound":450328.6225050688,"upper_bound":681905.5492937565},"point_estimate":591513.6527985334,"standard_error":58806.12886175818},"slope":null,"std_dev":{"confidence_interval":{"confidence_level":0.95,"lower_bound":514334.87739500694,"upper_bound":846091.6151671018},"point_estimate":688197.7876116838,"standard_error":85809.94361573318}}